train_code,hour,avg_volume
NS1,18,263262.0
EW24,18,263262.0
NS26,18,215372.5
EW14,18,215372.5
NS1,17,197860.0
EW24,17,197860.0
DT11,18,187388.0
NS21,18,187388.0
TE14,18,186460.25
NS22,18,186460.25
EW14,8,184029.75
NS26,8,184029.75
DT32,18,182781.0
EW2,18,182781.0
NE12,18,182460.75
CC13,18,182460.75
EW12,18,178040.0
DT14,18,178040.0
TE2,18,177964.25
NS9,18,177964.25
NS13,18,172284.5
EW27,18,169999.0
EW8,18,168178.5
CC9,18,168178.5
EW24,19,167485.0
NS1,19,167485.0
NE1,18,158954.75
CC29,18,158954.75
NS25,18,158618.5
EW13,18,158618.5
EW14,9,157439.5
NS26,9,157439.5
NS22,17,156141.5
TE14,17,156141.5
EW23,18,154040.5
NE4,18,152241.0
DT19,18,152241.0
EW15,18,148730.25
NS1,7,148605.5
EW24,7,148605.5
NS21,8,147356.5
DT11,8,147356.5
EW24,8,142400.0
NS1,8,142400.0
NS13,7,139651.5
NE12,19,139376.5
CC13,19,139376.5
EW27,17,138648.5
NS16,18,138534.5
NS9,19,137418.5
TE2,19,137418.5
NS10,7,136371.0
EW12,17,135786.0
DT14,17,135786.0
NE16,18,135508.5
STC,18,135508.5
NS9,7,134429.75
TE2,7,134429.75
DT11,17,133980.0
NS21,17,133980.0
CC13,17,133034.5
NE12,17,133034.5
EW15,8,132639.0
EW27,7,132280.75
NS22,19,131993.5
TE14,19,131993.5
DT32,19,130677.5
EW2,19,130677.5
NS9,17,130362.0
TE2,17,130362.0
TE14,16,130122.5
NS22,16,130122.5
TE14,13,127799.0
NS22,13,127799.0
NS13,19,127597.0
DT32,17,125703.5
EW2,17,125703.5
TE14,15,125445.5
NS22,15,125445.5
CC15,18,125306.5
NS17,18,125306.5
NS9,8,125109.0
TE2,8,125109.0
BP1,18,123679.0
NS4,18,123679.0
NS13,17,123563.5
TE14,12,122800.5
NS22,12,122800.5
CC13,8,122640.75
NE12,8,122640.75
CC9,17,122434.5
EW8,17,122434.5
DT14,19,122269.5
EW12,19,122269.5
EW23,7,121940.5
EW23,8,121604.0
NS1,20,121362.5
EW24,20,121362.5
NS21,19,121120.5
DT11,19,121120.5
PTC,18,120977.5
NE17,18,120977.5
NE1,17,120760.0
CC29,17,120760.0
NS13,8,120709.5
DT1,18,120589.25
BP6,18,120589.25
NS11,18,120554.0
NS11,7,120363.0
EW27,19,119227.5
EW2,8,119202.5
DT32,8,119202.5
EW13,17,118849.75
NS25,17,118849.75
EW23,17,118623.5
BP6,8,118597.5
DT1,8,118597.5
NS22,14,118557.0
TE14,14,118557.0
EW24,16,118068.0
NS1,16,118068.0
EW8,19,117635.0
CC9,19,117635.0
NS19,18,117497.0
NE4,17,117382.75
DT19,17,117382.75
NE4,19,117051.5
DT19,19,117051.5
EW14,17,116915.75
NS26,17,116915.75
EW26,7,116167.5
NS10,18,115678.5
NS23,18,112692.5
DT1,7,112643.25
BP6,7,112643.25
NS16,8,109048.5
NE4,13,108899.5
DT19,13,108899.5
TE14,11,108846.5
NS22,11,108846.5
CC29,19,108541.0
NE1,19,108541.0
EW27,8,108123.75
NE16,19,108100.75
STC,19,108100.75
NS21,9,107472.0
DT11,9,107472.0
EW5,18,107410.0
EW12,16,107343.0
DT14,16,107343.0
NE4,12,107221.0
DT19,12,107221.0
NS24,18,106970.5
NE6,18,106970.5
CC1,18,106970.5
DT14,13,106587.5
EW12,13,106587.5
EW13,19,106461.0
NS25,19,106461.0
NS16,7,105254.25
DT32,7,104959.0
EW2,7,104959.0
NS26,19,104884.5
EW14,19,104884.5
NS20,18,104381.0
BP1,7,103681.0
NS4,7,103681.0
NS22,9,103300.0
TE14,9,103300.0
NS20,8,103199.0
NS16,19,103104.0
EW23,19,102615.0
NE17,19,102271.25
PTC,19,102271.25
NS10,8,101848.0
DT14,14,101592.0
EW12,14,101592.0
NE12,7,101418.25
CC13,7,101418.25
DT14,15,101337.5
EW12,15,101337.5
NS16,17,101161.5
EW24,15,100951.5
NS1,15,100951.5
NS1,13,100617.25
EW24,13,100617.25
DT14,12,100533.5
EW12,12,100533.5
NS22,20,99079.25
TE14,20,99079.25
EW15,9,98911.5
NE12,13,98683.5
CC13,13,98683.5
EW24,21,98635.75
NS1,21,98635.75
EW26,18,98360.5
NS22,10,98060.0
TE14,10,98060.0
TE14,21,97490.5
NS22,21,97490.5
NS14,18,97064.0
STC,17,96984.5
NE16,17,96984.5
EW24,14,96663.5
NS1,14,96663.5
EW28,7,96661.5
NE12,16,96649.75
CC13,16,96649.75
NS19,8,96448.5
NS5,7,95981.0
DT1,19,95881.0
BP6,19,95881.0
NE8,18,95765.5
EW24,12,95543.75
NS1,12,95543.75
NE4,14,95239.0
DT19,14,95239.0
DT19,16,95218.5
NE4,16,95218.5
CC22,18,95135.25
EW21,18,95135.25
NS14,7,95134.5
NS21,13,95047.5
DT11,13,95047.5
NE12,20,94653.0
CC13,20,94653.0
NE3,18,94581.0
EW16,18,94581.0
TE17,18,94581.0
NS17,8,94572.5
CC15,8,94572.5
NS20,17,94459.0
TE14,8,94373.75
NS22,8,94373.75
TE2,16,94071.0
NS9,16,94071.0
NS2,18,94015.5
NE16,8,93894.5
STC,8,93894.5
NS17,17,93596.5
CC15,17,93596.5
PTC,8,93488.0
NE17,8,93488.0
NS21,16,93457.75
DT11,16,93457.75
TE2,20,93034.75
NS9,20,93034.75
NE14,18,92478.0
NS11,8,92294.0
DT12,18,92121.0
NE7,18,92121.0
CC9,8,91721.75
EW8,8,91721.75
NS11,19,91665.5
NE4,15,91337.0
DT19,15,91337.0
DT14,20,90924.5
EW12,20,90924.5
NE3,8,90760.5
TE17,8,90760.5
EW16,8,90760.5
DT19,11,90698.5
NE4,11,90698.5
PTC,17,90600.75
NE17,17,90600.75
DT16,18,90210.0
CE1,18,90210.0
NS17,19,90170.0
CC15,19,90170.0
NE12,14,89619.25
CC13,14,89619.25
BP1,17,89527.0
NS4,17,89527.0
EW26,8,89463.25
NE12,12,89370.0
CC13,12,89370.0
DT14,8,89116.5
EW12,8,89116.5
DT14,21,88429.75
EW12,21,88429.75
NS25,13,88412.25
EW13,13,88412.25
NS5,18,88235.25
NE17,7,87796.0
PTC,7,87796.0
DT11,12,87716.5
NS21,12,87716.5
DT19,20,87625.0
NE4,20,87625.0
CC13,9,87441.5
NE12,9,87441.5
EW15,17,87344.5
DT11,7,87269.5
NS21,7,87269.5
NS10,19,86984.5
NE1,8,86723.75
CC29,8,86723.75
CC13,15,86701.25
NE12,15,86701.25
NS11,17,86669.0
EW8,16,86432.5
CC9,16,86432.5
DT32,16,86420.0
EW2,16,86420.0
NS13,20,86277.75
CE1,20,86271.0
DT16,20,86271.0
STC,7,86258.75
NE16,7,86258.75
EW13,16,86145.0
NS25,16,86145.0
NE8,19,86136.5
NS10,17,85916.25
NE1,16,85800.0
CC29,16,85800.0
NS19,17,85707.5
EW27,20,85577.5
NS14,8,85277.75
EW1,18,85165.5
DT11,14,84657.25
NS21,14,84657.25
EW8,12,84626.5
CC9,12,84626.5
EW8,13,84423.25
CC9,13,84423.25
BP1,19,84390.75
NS4,19,84390.75
NS25,12,84178.5
EW13,12,84178.5
DT14,11,84157.0
EW12,11,84157.0
EW24,9,84045.0
NS1,9,84045.0
EW29,7,83790.5
DT16,19,83789.25
CE1,19,83789.25
NE12,21,83669.75
CC13,21,83669.75
NS13,16,83427.0
TE17,17,83365.0
NE3,17,83365.0
EW16,17,83365.0
DT32,20,83050.0
EW2,20,83050.0
DT1,17,82732.0
BP6,17,82732.0
EW13,15,82712.25
NS25,15,82712.25
TE2,21,82408.25
NS9,21,82408.25
EW24,11,82095.5
NS1,11,82095.5
EW17,18,81804.5
DT11,11,81796.0
NS21,11,81796.0
DT11,15,81670.5
NS21,15,81670.5
NS9,13,81545.25
TE2,13,81545.25
DT11,20,81243.0
NS21,20,81243.0
EW1,8,81055.0
NS23,17,80812.25
EW28,18,80779.5
EW8,9,80713.0
CC9,9,80713.0
EW5,8,80159.0
EW2,13,80118.0
DT32,13,80118.0
DT11,10,79792.5
NS21,10,79792.5
NE14,8,79605.75
NS2,7,79481.5
DT14,9,79479.5
EW12,9,79479.5
NS9,9,79135.0
TE2,9,79135.0
CE1,17,78986.5
DT16,17,78986.5
EW27,16,78924.5
NS25,14,78893.0
EW13,14,78893.0
DT11,21,78877.5
NS21,21,78877.5
DT17,18,78863.0
NS17,7,78722.0
CC15,7,78722.0
TE2,15,78694.0
NS9,15,78694.0
NS13,21,78645.0
CC4,18,78543.0
DT15,18,78543.0
CC22,8,78434.75
EW21,8,78434.75
CC29,13,78373.75
NE1,13,78373.75
DT32,9,78138.75
EW2,9,78138.75
CC29,15,78095.5
NE1,15,78095.5
CC29,20,78038.5
NE1,20,78038.5
EW13,9,77722.5
NS25,9,77722.5
NS23,19,77717.5
EW5,17,77712.25
NS13,9,77451.75
EW15,19,77300.75
NS9,12,77238.0
TE2,12,77238.0
CC9,20,77076.0
EW8,20,77076.0
NE12,11,76876.5
CC13,11,76876.5
NS24,17,76825.75
CC1,17,76825.75
NE6,17,76825.75
NE14,7,76808.5
NS9,14,76783.5
TE2,14,76783.5
DT17,8,76642.5
EW26,17,76633.0
EW5,19,76537.0
DT32,12,76406.0
EW2,12,76406.0
EW8,15,76287.0
CC9,15,76287.0
NS24,19,76221.5
CC1,19,76221.5
NE6,19,76221.5
EW2,14,76194.25
DT32,14,76194.25
EW8,14,76089.75
CC9,14,76089.75
NS19,19,75950.5
CC29,9,75917.0
NE1,9,75917.0
EW2,15,75911.5
DT32,15,75911.5
CC11,18,75672.75
EW23,16,75666.25
TE17,7,75318.5
EW16,7,75318.5
NE3,7,75318.5
EW28,8,75272.5
EW23,9,74918.0
NE1,12,74554.0
CC29,12,74554.0
NS9,6,74377.5
TE2,6,74377.5
CC24,18,74291.0
NE1,14,74208.5
CC29,14,74208.5
NE12,10,74075.0
CC13,10,74075.0
NE4,10,73928.5
DT19,10,73928.5
EW13,8,73823.5
NS25,8,73823.5
NS13,13,73794.0
NS7,7,73693.5
BP1,8,73661.25
NS4,8,73661.25
NS25,20,73592.25
EW13,20,73592.25
PTC,13,73336.5
NE17,13,73336.5
DT16,21,73208.0
CE1,21,73208.0
NS25,11,73206.5
EW13,11,73206.5
NE8,17,73152.5
DT12,19,73127.5
NE7,19,73127.5
EW1,7,72993.25
NS25,21,72976.5
EW13,21,72976.5
EW8,10,72589.5
CC9,10,72589.5
NS10,6,72567.5
NE16,13,72491.25
STC,13,72491.25
EW24,10,72359.75
NS1,10,72359.75
EW12,10,72197.5
DT14,10,72197.5
EW9,18,72145.0
NS16,9,72107.0
NE16,16,71949.75
STC,16,71949.75
NS13,15,71802.5
NS17,13,71769.5
CC15,13,71769.5
CC11,8,71331.5
NS26,13,71267.5
EW14,13,71267.5
EW26,19,71245.0
NE17,16,71191.5
PTC,16,71191.5
NE4,9,71144.0
DT19,9,71144.0
NS16,20,70930.25
DT12,17,70878.5
NE7,17,70878.5
NS13,14,70815.25
EW21,17,70732.0
CC22,17,70732.0
EW27,6,70614.0
DT19,8,70425.5
NE4,8,70425.5
NE14,19,70167.5
NE16,20,70097.25
STC,20,70097.25
CC29,21,70091.5
NE1,21,70091.5
CC9,11,69875.75
EW8,11,69875.75
CC15,16,69772.0
NS17,16,69772.0
NS15,8,69665.0
NS20,7,69615.0
STC,12,69415.0
NE16,12,69415.0
NS5,8,69277.25
NE9,18,69228.0
NS19,7,69195.5
EW14,12,69050.0
NS26,12,69050.0
NS13,12,69036.5
DT32,21,69006.0
EW2,21,69006.0
NS20,12,68997.5
NS2,8,68903.5
NS1,6,68761.5
EW24,6,68761.5
EW28,17,68740.5
EW23,20,68615.5
DT19,21,68598.0
NE4,21,68598.0
NS14,19,68432.25
NS17,12,68337.5
CC15,12,68337.5
NE1,11,68310.5
CC29,11,68310.5
EW23,13,68270.5
EW1,19,68191.5
NE17,14,68055.0
PTC,14,68055.0
NS16,16,68006.25
EW27,21,67799.0
NE16,14,67734.75
STC,14,67734.75
NS9,11,67644.5
TE2,11,67644.5
CC24,8,67546.75
EW5,7,67465.0
PTC,20,67407.0
NE17,20,67407.0
EW23,12,67334.0
NS2,17,67333.0
EW23,15,67286.0
NS16,21,67234.5
NS20,9,67197.5
NS13,6,67186.75
NS8,7,67052.0
CE1,22,67031.75
DT16,22,67031.75
NS20,13,66834.0
TE2,10,66705.0
NS9,10,66705.0
TE2,22,66649.0
NS9,22,66649.0
NS25,10,66611.75
EW13,10,66611.75
NS20,19,66600.0
NS5,19,66465.0
NS14,17,66227.0
DT1,9,66152.5
BP6,9,66152.5
DT32,10,66088.0
EW2,10,66088.0
NS5,17,65552.75
NE8,20,65543.5
EW29,17,65507.0
STC,15,65433.0
NE16,15,65433.0
CC29,10,65333.5
NE1,10,65333.5
EW8,21,65269.0
CC9,21,65269.0
CC15,14,65267.5
NS17,14,65267.5
NE17,12,65013.0
PTC,12,65013.0
NS13,22,64986.75
CE1,16,64857.0
DT16,16,64857.0
NE6,13,64829.5
NS24,13,64829.5
CC1,13,64829.5
CC23,18,64817.5
EW27,15,64726.75
DT32,11,64604.75
EW2,11,64604.75
CC15,9,64593.5
NS17,9,64593.5
NS15,18,64586.0
NS21,22,64543.5
DT11,22,64543.5
NS13,10,64226.0
EW27,13,64199.5
NS16,13,64036.5
PTC,15,63856.5
NE17,15,63856.5
EW17,8,63705.0
NS23,16,63693.5
NS11,6,63584.25
EW23,11,63584.0
NE14,17,63525.5
NS19,9,63430.0
CC24,17,63261.75
DT16,15,63098.25
CE1,15,63098.25
DT18,18,62956.0
NS10,9,62891.5
NS15,7,62853.0
EW23,14,62816.0
NE13,18,62789.5
NS11,20,62494.5
BP1,16,62480.5
NS4,16,62480.5
NS13,11,62386.0
NE7,12,62281.5
DT12,12,62281.5
EW26,6,62186.5
EW27,12,62180.0
CG1,18,62056.5
DT35,18,62056.5
NS23,13,61905.0
NS17,15,61865.0
CC15,15,61865.0
EW1,17,61820.5
EW27,9,61709.5
NS20,11,61629.5
EW18,18,61590.0
NS24,16,61474.75
NE6,16,61474.75
CC1,16,61474.75
EW14,11,61159.25
NS26,11,61159.25
EW18,8,61073.5
DT17,9,60976.75
NE15,18,60927.5
STC,11,60788.0
NE16,11,60788.0
DT16,14,60778.25
CE1,14,60778.25
EW23,21,60756.75
NS20,16,60679.0
CC13,22,60555.75
NE12,22,60555.75
NE7,13,60415.0
DT12,13,60415.0
NS19,16,60289.5
NS10,20,60208.5
BP6,20,60126.5
DT1,20,60126.5
NS19,13,60086.25
NS16,15,60068.75
STC,9,60040.0
NE16,9,60040.0
EW23,10,59913.5
NE9,8,59790.5
NS7,18,59669.0
BP1,6,59642.5
NS4,6,59642.5
NS2,19,59447.0
NS19,12,59308.0
CE1,13,59207.0
DT16,13,59207.0
NS16,14,59102.5
NS17,20,59089.0
CC15,20,59089.0
EW9,19,59048.5
CC9,7,58896.75
EW8,7,58896.75
EW27,14,58859.0
NS16,12,58832.75
NS23,14,58627.5
EW17,17,58580.0
DT14,22,58573.0
EW12,22,58573.0
NS4,20,58509.0
BP1,20,58509.0
NS25,22,58387.75
EW13,22,58387.75
NS8,18,58366.0
NS26,10,58274.5
EW14,10,58274.5
CC1,15,58203.5
NS24,15,58203.5
NE6,15,58203.5
EW14,16,58060.5
NS26,16,58060.5
NS23,15,58006.5
EW28,19,57972.5
NS16,10,57816.25
EW16,9,57703.5
TE17,9,57703.5
NE3,9,57703.5
NE16,21,57654.25
STC,21,57654.25
NE6,12,57627.75
CC1,12,57627.75
NS24,12,57627.75
NS15,17,57585.0
NS3,7,57537.0
EW24,22,57417.5
NS1,22,57417.5
DT26,18,57272.5
CC10,18,57272.5
DT1,16,57271.5
BP6,16,57271.5
NS23,12,57264.5
NE6,14,57223.0
NS24,14,57223.0
CC1,14,57223.0
NE8,21,57028.0
DT18,8,57022.0
PTC,9,56969.0
NE17,9,56969.0
NS23,20,56857.5
EW23,6,56669.25
NS7,8,56653.75
CC23,9,56570.5
PTC,11,56398.0
NE17,11,56398.0
TE14,22,56354.75
NS22,22,56354.75
NS16,6,56292.5
STC,10,56274.0
NE16,10,56274.0
NS11,9,56239.0
NS23,21,56210.5
NE15,8,56191.5
CC1,20,56184.5
NS24,20,56184.5
NE6,20,56184.5
NS17,11,56158.0
CC15,11,56158.0
DT33,8,56038.0
EW14,20,55827.25
NS26,20,55827.25
NS3,18,55816.0
NS16,22,55704.5
NS11,21,55680.5
EW14,14,55535.0
NS26,14,55535.0
NS19,14,55502.75
NS20,14,55500.0
EW11,18,55457.5
EW9,8,55292.0
NS11,16,55205.5
CC11,17,55176.0
NE1,7,55087.0
CC29,7,55087.0
PTC,21,55076.25
NE17,21,55076.25
DT26,8,55004.75
CC10,8,55004.75
NE8,16,54607.5
EW19,18,54369.25
NS20,15,54332.0
NS14,9,54268.25
NS16,11,54220.0
EW17,19,54045.0
EW29,18,54012.0
CC15,10,53974.0
NS17,10,53974.0
TE17,12,53803.25
NE3,12,53803.25
EW16,12,53803.25
NS19,15,53765.0
EW5,9,53743.5
CC22,9,53691.0
EW21,9,53691.0
DT1,13,53604.0
BP6,13,53604.0
DT1,21,53534.5
BP6,21,53534.5
NE7,8,53533.0
DT12,8,53533.0
NS19,11,53507.5
NS19,10,53481.5
EW3,18,53436.0
DT15,17,53282.75
CC4,17,53282.75
NS7,17,53247.0
CC1,21,53228.0
NS24,21,53228.0
NE6,21,53228.0
NE13,8,53200.0
EW21,19,53146.5
CC22,19,53146.5
DT33,18,53103.25
EW21,7,53029.0
CC22,7,53029.0
DT33,7,52961.0
NE14,9,52878.0
EW27,11,52874.75
NS10,16,52870.75
EW5,20,52814.0
EW5,16,52572.75
NS5,6,52526.0
CC24,9,52508.25
NE17,10,52458.0
PTC,10,52458.0
BP1,13,52331.75
NS4,13,52331.75
EW14,7,52231.5
NS26,7,52231.5
NS19,20,52195.25
EW9,7,52096.5
EW27,10,52070.0
NS17,21,52058.5
CC15,21,52058.5
NE8,13,52004.75
BP6,12,51748.5
DT1,12,51748.5
EW16,19,51742.5
NE3,19,51742.5
TE17,19,51742.5
EW26,20,51587.0
TE17,13,51450.0
NE3,13,51450.0
EW16,13,51450.0
NS20,10,51323.25
DT1,6,51304.5
BP6,6,51304.5
NE9,17,51128.5
DT12,16,51113.0
NE7,16,51113.0
CC23,8,51086.75
BP1,15,51020.75
NS4,15,51020.75
EW2,22,50947.25
DT32,22,50947.25
NS10,21,50890.5
NS11,13,50634.0
EW4,7,50605.0
NS4,14,50493.0
BP1,14,50493.0
CE1,12,50396.5
DT16,12,50396.5
NE8,12,50395.5
NE8,8,50353.5
NS4,21,49908.0
BP1,21,49908.0
NS14,6,49902.5
BP1,12,49801.75
NS4,12,49801.75
DT12,20,49801.5
NE7,20,49801.5
EW2,6,49717.5
DT32,6,49717.5
NE8,15,49649.0
NS12,7,49638.5
NE10,8,49568.0
NS26,15,49552.25
EW14,15,49552.25
BP1,9,49522.5
NS4,9,49522.5
NS22,7,49508.0
TE14,7,49508.0
DT1,14,49467.0
BP6,14,49467.0
EW7,18,49436.5
NS7,6,49436.0
EW27,22,49345.5
NE6,8,49309.0
CC1,8,49309.0
NS24,8,49309.0
CC29,22,49255.5
NE1,22,49255.5
EW15,13,49246.5
BP6,15,49139.5
DT1,15,49139.5
NS19,21,49131.5
EW15,12,49082.0
NS23,9,49026.0
EW4,18,48885.0
NS10,13,48884.0
NE9,7,48878.5
EW15,10,48854.5
EW9,17,48814.5
EW29,8,48814.5
EW5,13,48776.0
EW19,8,48721.0
EW17,7,48682.0
NE8,14,48637.0
NE5,18,48584.75
NE7,11,48499.0
DT12,11,48499.0
NE15,7,48465.0
EW28,6,48318.25
NE15,19,48209.0
NS23,8,48196.5
CG1,8,48142.5
DT35,8,48142.5
NE10,18,48003.0
NE13,19,47971.25
NE9,19,47929.5
EW16,16,47818.0
NE3,16,47818.0
TE17,16,47818.0
DT16,11,47657.0
CE1,11,47657.0
NS10,12,47565.0
NS3,8,47554.0
BP6,10,47460.5
DT1,10,47460.5
NE7,14,47394.0
DT12,14,47394.0
CC13,6,47280.0
NE12,6,47280.0
DT18,9,47113.0
NS8,8,47035.0
EW17,9,47009.5
NS10,10,46818.25
NS11,14,46738.25
DT1,11,46685.5
BP6,11,46685.5
EW5,12,46619.0
EW26,9,46546.75
NS11,15,46510.5
NS14,20,46398.0
NS11,12,46341.0
NE13,17,46307.0
NE7,15,46297.0
DT12,15,46297.0
NS7,19,46002.75
NE14,20,45985.0
NS12,18,45675.0
CC4,8,45649.75
DT15,8,45649.75
EW5,14,45592.0
EW16,11,45570.0
NE3,11,45570.0
TE17,11,45570.0
NE4,22,45565.75
DT19,22,45565.75
EW5,21,45563.5
DT12,10,45548.0
NE7,10,45548.0
NS11,22,45547.75
EW5,15,45513.5
NS23,11,45500.25
EW15,20,45392.5
NE14,16,45349.75
DT5,18,45163.0
EW26,16,44964.0
CC4,19,44958.5
DT15,19,44958.5
NS10,11,44928.5
CC1,11,44874.25
NS24,11,44874.25
NE6,11,44874.25
NS14,21,44759.5
NS11,10,44728.5
NE7,9,44714.0
DT12,9,44714.0
EW7,8,44628.0
NS5,20,44611.75
NS10,14,44541.0
EW15,7,44408.75
NS14,16,44277.0
BP6,22,44263.0
DT1,22,44263.0
EW12,7,44236.5
DT14,7,44236.5
EW5,10,44193.5
EW4,8,44192.0
NS10,15,44014.0
DT15,9,43921.5
CC4,9,43921.5
EW23,22,43837.0
NS4,11,43724.25
BP1,11,43724.25
EW1,16,43606.0
NE14,13,43591.75
EW15,11,43549.5
NE9,9,43335.0
CC11,7,43233.0
NE3,14,43217.5
EW16,14,43217.5
TE17,14,43217.5
EW18,17,43172.0
CG2,18,42940.0
NS10,22,42929.0
EW5,11,42903.25
CG1,17,42864.5
DT35,17,42864.5
EW26,21,42860.75
EW18,7,42737.5
NS7,9,42731.0
CC23,17,42717.5
NS8,17,42714.25
NS2,16,42714.0
NS20,20,42545.5
BP1,10,42534.5
NS4,10,42534.5
EW15,16,42519.0
EW1,20,42470.75
EW11,8,42425.25
EW20,8,42414.0
EW20,18,42371.5
NE8,11,42318.5
CC11,9,42173.0
EW28,20,42154.5
EW11,17,42153.0
NS3,19,42149.75
NE14,21,42118.25
NE14,12,42105.0
NE14,10,42059.5
DT28,18,41986.0
EW16,10,41981.0
TE17,10,41981.0
NE3,10,41981.0
NE13,9,41916.75
CC9,22,41833.0
EW8,22,41833.0
NS11,11,41831.0
NS18,18,41829.0
NS7,20,41827.5
EW1,9,41747.5
CC11,19,41702.5
NS14,22,41661.5
EW3,8,41558.25
DT28,8,41526.5
NS7,21,41406.5
EW15,14,41332.5
NS12,8,41275.5
NS3,17,41260.75
DT33,19,41018.0
NS5,16,41000.0
NE15,17,40982.5
STC,22,40973.5
NE16,22,40973.5
NS2,20,40938.75
EW17,13,40733.5
EW28,9,40547.5
NS23,10,40522.5
NS24,9,40470.0
NE6,9,40470.0
CC1,9,40470.0
NE8,22,40465.75
NE8,9,40447.5
NS18,8,40399.0
NS5,9,40370.5
EW3,19,40318.25
EW21,16,40255.5
CC22,16,40255.5
NS14,10,40203.5
NS8,19,40142.5
CG2,17,39988.75
EW22,8,39886.5
NS15,9,39862.0
EW19,17,39856.5
NE11,18,39825.0
TE17,15,39790.5
EW16,15,39790.5
NE3,15,39790.5
NS2,6,39735.0
EW17,16,39718.75
NS26,21,39632.5
EW14,21,39632.5
EW3,17,39593.5
NE16,6,39571.5
STC,6,39571.5
NE14,11,39455.0
NE17,6,39371.5
NE14,15,39371.5
PTC,6,39371.5
NE14,14,39317.5
DT17,17,39277.25
DT12,21,39161.0
NE7,21,39161.0
DT17,19,39158.25
CG2,15,39134.0
CC24,7,39081.0
DT35,19,38998.0
CG1,19,38998.0
DT16,10,38996.5
CE1,10,38996.5
NS8,6,38800.5
EW3,7,38727.0
NE13,7,38722.75
CG2,14,38655.5
NS14,13,38620.25
NS2,9,38506.0
EW10,18,38493.0
NS23,22,38453.25
NS14,12,38450.0
EW17,12,38429.0
EW21,13,38397.25
CC22,13,38397.25
EW11,19,38360.5
EW9,9,38344.0
DT26,17,38319.5
CC10,17,38319.5
EW9,20,38314.0
EW19,7,38275.0
NE8,10,38220.5
EW1,13,38149.5
EW26,13,38135.0
NE8,7,38092.0
CG2,16,37996.25
NS5,13,37970.25
NS7,22,37969.0
EW4,17,37857.5
EW28,16,37842.5
CG2,19,37825.25
EW25,7,37814.5
EW21,12,37710.0
CC22,12,37710.0
NS5,21,37700.0
EW15,15,37676.0
DT16,9,37556.0
CE1,9,37556.0
PTC,22,37423.0
NE17,22,37423.0
NS20,21,37403.0
EW1,12,37305.0
EW1,21,37228.0
EW17,20,37172.25
EW18,19,37127.0
EW1,15,37077.0
EW19,19,37015.25
NE7,7,36995.0
DT12,7,36995.0
DT15,13,36970.25
CC4,13,36970.25
NS21,6,36957.5
DT11,6,36957.5
EW18,9,36878.5
NE10,7,36875.0
EW15,21,36804.0
EW1,14,36782.5
DT16,23,36780.0
CE1,23,36780.0
DT16,8,36774.0
CE1,8,36774.0
CC24,16,36612.0
EW7,19,36608.0
EW11,9,36487.5
NS14,15,36436.0
DT5,8,36340.0
NS12,19,36317.75
EW5,22,36316.75
DT35,9,36307.0
CG1,9,36307.0
NE6,10,36265.5
NS24,10,36265.5
CC1,10,36265.5
NE13,16,36222.5
BP1,22,36159.75
NS4,22,36159.75
NS15,16,36146.0
NS2,21,36145.0
NS15,19,36134.0
CC15,6,36101.5
NS17,6,36101.5
EW28,21,36082.5
NS19,22,35988.5
CC4,16,35970.5
DT15,16,35970.5
NS2,13,35953.25
NS14,14,35836.25
CC24,19,35764.0
EW26,12,35721.25
EW7,17,35715.5
EW6,18,35685.25
NS14,11,35624.5
EW6,8,35570.0
NE14,22,35528.25
EW5,6,35481.5
TE17,20,35431.5
EW16,20,35431.5
NE3,20,35431.5
EW17,14,35420.5
NE10,17,35405.25
CC15,22,35401.0
NS17,22,35401.0
EW4,19,35318.5
EW26,15,35268.0
NS2,15,35246.0
NS5,14,35211.0
DT18,17,35199.25
NS5,12,35195.25
DT15,12,35110.5
CC4,12,35110.5
DT28,7,35051.5
EW26,10,34958.0
CG2,13,34948.25
EW29,6,34876.25
NS2,14,34857.5
NS9,23,34835.5
TE2,23,34835.5
NE13,13,34804.0
EW1,11,34624.5
NS7,16,34562.5
DT27,18,34545.0
EW17,15,34486.5
CC27,8,34424.0
EW26,14,34395.0
EW9,21,34310.0
EW1,10,34246.25
NE13,12,34244.0
NS2,12,34210.75
NS5,15,34172.0
EW17,10,34150.75
NE4,7,34096.75
DT19,7,34096.75
EW17,21,34044.5
EW7,7,34038.25
NE9,13,33940.75
EW26,11,33885.0
NS12,17,33835.5
NE10,19,33803.0
CC10,7,33793.5
DT26,7,33793.5
CG2,12,33789.0
NE13,15,33769.0
CC24,11,33714.0
NE9,12,33690.75
CC23,19,33629.5
NS21,23,33610.0
DT11,23,33610.0
EW29,19,33536.0
NE13,10,33429.0
CC24,13,33411.25
EW20,7,33374.0
DT5,19,33353.0
DT33,17,33310.75
NS3,6,33297.0
CC1,22,33194.5
NS24,22,33194.5
NE6,22,33194.5
NS7,10,33112.0
CC24,12,33085.75
EW17,11,33074.75
NS5,10,33049.5
EW9,6,33046.0
EW9,13,32937.5
EW26,22,32895.0
NS8,9,32830.0
NE13,11,32779.75
EW9,16,32718.0
DT26,9,32653.5
CC10,9,32653.5
NS19,6,32624.5
NE14,6,32619.0
NS2,10,32532.0
NE11,8,32524.5
EW21,14,32487.0
CC22,14,32487.0
CC27,18,32469.5
NS5,11,32436.75
TE19,18,32425.0
NE5,19,32404.75
DT27,8,32385.5
EW13,7,32349.5
NS25,7,32349.5
EW28,13,32301.0
NS13,23,32292.0
NE13,14,32246.5
NE15,9,32150.0
EW25,18,32132.0
NE13,20,32119.0
CC10,19,32101.5
DT26,19,32101.5
EW1,6,32009.75
CG2,8,31977.0
CC4,14,31907.5
DT15,14,31907.5
DT18,19,31897.75
CC4,21,31885.5
DT15,21,31885.5
EW28,12,31794.0
NS18,7,31763.5
CC22,15,31675.5
EW21,15,31675.5
NE15,20,31636.5
EW22,18,31621.5
NE9,10,31616.5
EW20,17,31548.0
NE5,17,31516.0
CG2,20,31409.0
EW21,20,31295.5
CC22,20,31295.5
TE3,7,31234.25
CC4,15,31129.0
DT15,15,31129.0
NE9,11,31122.0
EW22,17,31096.5
NE9,20,31044.5
DT5,17,30944.75
CC6,18,30923.0
DT13,18,30856.5
NE3,21,30849.0
EW16,21,30849.0
TE17,21,30849.0
NS2,11,30806.5
CC22,11,30713.0
EW21,11,30713.0
NE9,16,30614.25
CC24,10,30605.5
NE5,8,30590.5
EW21,10,30580.0
CC22,10,30580.0
DT17,13,30564.0
CC4,20,30548.0
DT15,20,30548.0
CG2,21,30439.5
CC24,15,30434.0
NS3,9,30386.5
EW10,8,30344.0
DT22,18,30244.5
EW11,7,30161.0
CE1,7,30146.0
DT16,7,30146.0
NE11,19,29917.0
EW1,22,29828.25
EW19,9,29757.75
NS3,20,29717.0
EW10,19,29681.0
DT5,7,29572.0
NE11,17,29506.75
CC24,14,29502.5
EW14,22,29401.0
NS26,22,29401.0
NS5,22,29361.5
DT15,11,29260.0
CC4,11,29260.0
NE9,14,29158.5
NE10,9,29142.5
EW28,14,29115.0
NS18,17,29104.5
NE15,13,29103.5
CG2,11,29073.5
EW28,10,29063.5
EW11,10,29058.5
TE19,8,29051.25
NE13,21,29032.0
EW28,11,28983.0
EW9,15,28746.75
NE15,16,28650.75
EW9,12,28639.75
CG2,22,28574.0
NS20,6,28567.5
DT33,9,28565.0
DT28,17,28505.0
DT31,18,28397.5
EW11,16,28359.5
NS3,16,28329.5
TE8,18,28263.0
EW25,8,28226.0
EW7,9,28221.5
DT17,12,28194.5
EW28,15,28174.5
EW3,16,28151.25
EW11,13,28124.5
NS18,9,28112.0
NE15,21,28001.5
CC22,21,27972.0
EW21,21,27972.0
NE3,6,27960.0
TE17,6,27960.0
EW16,6,27960.0
EW28,22,27954.5
NS18,19,27927.5
TE6,7,27914.5
NS16,23,27842.5
NE9,15,27836.0
NS15,15,27835.0
NE5,9,27829.0
NS15,13,27739.0
EW11,14,27718.25
NS7,11,27653.5
EW9,14,27612.5
EW11,12,27575.25
TE6,18,27540.5
EW11,15,27496.25
EW6,19,27487.0
DT31,8,27486.5
EW9,22,27451.5
EW10,17,27315.5
NS3,13,27143.5
EW9,10,27064.5
CC9,6,27014.0
EW8,6,27014.0
TE3,18,26996.0
EW3,20,26853.0
EW20,9,26811.75
EW3,9,26789.5
EW18,16,26785.0
EW3,13,26695.5
NS8,16,26675.25
EW11,11,26594.5
DT21,18,26524.75
DT30,8,26515.0
NS8,20,26496.25
EW17,22,26443.5
EW20,19,26438.5
EW15,22,26417.75
CC3,18,26377.0
NS2,22,26362.5
NE12,23,26337.5
CC13,23,26337.5
DT33,20,26258.75
NS7,5,26190.5
NS3,12,26176.0
CC16,18,26125.0
NS3,10,26115.5
EW25,19,26075.0
CG2,10,26070.5
DT28,19,26037.5
NE15,12,26014.25
NE15,14,26013.25
NE9,6,25996.5
EW19,16,25987.0
NE9,21,25980.0
NS15,12,25911.75
NS3,11,25889.0
CC16,8,25814.0
CG2,7,25786.0
NS15,6,25731.0
EW11,20,25704.0
CG2,9,25703.5
NE10,13,25702.5
NS7,15,25697.5
EW10,7,25652.25
CC14,8,25650.75
CC21,18,25628.0
DT22,19,25605.75
NE7,22,25588.5
DT12,22,25588.5
NE15,15,25587.75
TE6,8,25585.75
DT30,18,25524.5
EW18,13,25523.0
CC4,10,25451.5
DT15,10,25451.5
NS7,12,25399.0
EW3,12,25297.5
NE11,16,25251.75
NS3,15,25241.0
EW3,14,25233.5
NS3,21,25213.25
EW31,7,25176.0
CC8,18,25124.0
CC25,8,25104.5
EW6,7,25097.5
EW9,11,25092.0
EW4,9,25090.75
EW18,12,25017.75
EW7,20,24984.0
EW32,7,24921.0
CC24,20,24920.0
EW12,23,24916.5
DT14,23,24916.5
NE10,12,24871.5
DT5,9,24863.5
NS27,18,24837.75
CE2,18,24837.75
TE20,18,24837.75
EW6,17,24781.75
CC25,18,24727.75
NS8,10,24720.75
NS3,14,24709.25
EW25,17,24697.0
EW4,16,24665.0
NE11,7,24623.0
NS8,13,24501.5
NE15,10,24492.25
EW17,6,24472.5
NE10,16,24409.75
EW3,15,24362.5
EW29,16,24324.5
NS15,14,24283.5
NS7,13,24281.5
NS15,10,24266.5
TE19,9,24265.5
CG1,16,24230.75
DT35,16,24230.75
NE5,20,24178.5
EW21,22,24173.5
CC22,22,24173.5
NS8,21,24087.5
EW7,16,24086.75
EW11,21,23940.5
NE6,7,23892.0
CC1,7,23892.0
NS24,7,23892.0
DT29,18,23887.5
DT13,17,23854.0
NE15,11,23840.0
NS11,23,23834.0
DT29,8,23827.25
CC11,16,23816.25
NE1,6,23782.0
CC29,6,23782.0
NS12,20,23716.5
DT6,18,23666.0
EW7,12,23477.5
DT27,7,23406.0
NS8,12,23336.75
CC16,7,23285.0
CC23,7,23252.0
DT13,19,23235.0
DT16,6,23229.0
CE1,6,23229.0
EW7,13,23227.0
EW3,11,23140.5
EW19,20,23125.75
EW22,7,23080.5
NS15,11,23074.5
CC8,8,23053.5
EW18,20,23040.5
CC6,19,23033.0
EW18,10,23013.0
DT31,7,22999.5
EW3,21,22996.5
EW4,20,22990.5
EW18,14,22931.5
NS8,11,22925.5
TE3,8,22916.25
DT5,16,22899.25
EW18,15,22880.0
DT33,21,22879.75
NS12,6,22856.5
NS23,7,22833.0
TE9,8,22799.0
CC17,8,22799.0
TE18,18,22799.0
NE10,14,22786.0
DT17,11,22780.5
NS8,15,22749.5
NS7,14,22737.75
EW19,13,22725.0
DT33,6,22674.5
EW13,23,22628.0
NS25,23,22628.0
EW29,20,22604.75
NE5,21,22541.0
DT35,20,22509.25
CG1,20,22509.25
NE10,15,22505.0
CG1,13,22495.0
DT35,13,22495.0
CC11,20,22491.0
DT35,15,22466.0
CG1,15,22466.0
EW2,23,22431.5
DT32,23,22431.5
CC27,9,22389.5
NS10,23,22363.5
DT27,17,22330.5
NE10,20,22306.0
NE10,10,22270.0
EW18,11,22268.5
EW19,12,22240.0
NS14,23,22215.0
EW3,10,22198.5
CC8,7,22141.25
EW27,23,22128.0
EW22,16,22071.0
DT3,8,22029.25
NS15,21,22006.5
NE10,11,21919.5
NS12,16,21890.5
DT5,13,21849.0
DT30,7,21837.0
TE15,18,21827.5
DT33,16,21817.0
DT17,7,21814.25
CC26,18,21781.5
NS15,20,21761.25
NS12,9,21752.0
TE9,7,21735.0
CC17,7,21735.0
EW6,9,21716.0
DT13,13,21713.75
CC29,23,21681.5
NE1,23,21681.5
NE15,22,21644.5
DT1,23,21614.5
BP6,23,21614.5
DT29,7,21597.0
DT9,18,21579.5
CC19,18,21579.5
DT18,12,21560.25
CC12,7,21551.75
CC6,17,21539.0
NE13,22,21537.5
EW19,15,21459.0
TE9,18,21412.5
CC17,18,21412.5
DT35,14,21343.0
CG1,14,21343.0
DT22,17,21342.75
DT5,12,21332.0
EW7,14,21319.75
CC11,13,21301.5
NS8,14,21272.0
DT26,13,21262.25
CC10,13,21262.25
NE11,13,21230.0
DT26,16,21221.5
CC10,16,21221.5
CG1,7,21192.0
DT35,7,21192.0
EW19,14,21188.0
NE15,6,21151.0
EW7,21,21143.0
DT15,22,21122.0
CC4,22,21122.0
EW19,21,21115.5
EW10,9,21068.0
NS26,6,21043.75
EW14,6,21043.75
DT18,13,21013.75
EW19,10,21003.0
NS18,13,21002.5
DT19,23,20988.25
NE4,23,20988.25
DT5,15,20988.0
TE1,8,20918.0
DT10,18,20881.5
TE11,18,20881.5
CC14,18,20867.25
NS12,21,20866.5
CC24,21,20865.0
EW7,15,20829.5
TE8,19,20809.0
CC7,18,20780.0
DT10,7,20761.5
TE11,7,20761.5
CC2,18,20747.5
DT13,12,20741.5
DT5,20,20726.0
DT3,18,20715.5
EW4,13,20684.0
EW7,10,20676.5
DT14,6,20635.25
EW12,6,20635.25
NE11,15,20629.0
DT20,18,20586.0
EW7,11,20567.5
TE6,19,20565.5
CC23,10,20539.75
EW4,15,20530.75
EW32,17,20498.75
DT6,8,20454.5
NE3,22,20325.0
TE17,22,20325.0
EW16,22,20325.0
EW19,11,20314.5
EW30,7,20308.75
EW10,20,20290.75
NE11,14,20285.5
SW5,18,20256.0
DT13,8,20246.0
DT31,19,20244.5
CC11,12,20225.0
DT23,18,20155.5
NS18,21,20117.0
EW4,21,20101.5
CC10,20,20100.25
DT26,20,20100.25
EW18,21,20037.5
NE11,12,20014.0
NS18,10,20011.0
NS18,20,19993.0
NS18,12,19984.5
DT31,17,19960.0
NE5,16,19920.5
CC21,19,19882.5
DT5,14,19867.5
DT22,20,19829.0
NS18,16,19794.0
CC25,17,19793.5
CC23,13,19775.0
EW24,23,19774.75
NS1,23,19774.75
NE16,23,19770.0
STC,23,19770.0
CC10,12,19733.5
DT26,12,19733.5
NS13,5,19729.0
NE11,20,19722.5
DT5,11,19672.0
DT33,22,19668.0
DT28,9,19667.0
TE8,17,19655.75
DT33,13,19631.25
CG1,10,19588.0
DT35,10,19588.0
TE16,18,19579.5
EW4,12,19579.5
CC3,17,19566.0
CC3,19,19508.5
DT6,17,19491.5
CC14,7,19427.5
CC11,14,19421.25
CC23,12,19401.75
EW31,17,19393.25
DT35,12,19372.5
CG1,12,19372.5
CC11,15,19357.25
NE9,22,19290.5
DT3,7,19283.25
TE19,17,19191.5
EW4,10,19189.75
DT33,10,19187.0
NE5,22,19171.0
CC8,17,19133.25
NS3,22,19074.75
CC11,10,19030.5
EW11,22,19013.0
DT26,10,18998.5
CC10,10,18998.5
DT10,8,18975.75
TE11,8,18975.75
CC26,8,18965.5
CC8,19,18948.0
DT18,10,18946.0
TE14,6,18934.25
NS22,6,18934.25
EW4,6,18930.25
EW20,16,18911.25
DT17,20,18887.0
EW4,14,18866.5
NS18,14,18855.5
CC7,8,18839.5
EW22,15,18832.5
EW21,6,18804.5
CC22,6,18804.5
CC6,16,18756.5
DT5,10,18754.0
CC27,17,18740.25
DT13,9,18721.75
CC16,17,18705.0
NE10,21,18696.0
EW18,6,18694.0
CC23,16,18675.0
DT27,19,18673.25
DT18,11,18666.5
CC11,6,18639.75
EW23,23,18618.0
DT21,8,18603.25
NS9,5,18583.75
TE2,5,18583.75
NE11,9,18553.25
DT5,21,18550.0
DT30,19,18529.5
NS12,13,18527.25
SW5,7,18475.0
DT33,12,18444.25
NS8,22,18343.0
EW15,6,18339.5
EW10,21,18333.5
CC21,17,18316.5
NS12,14,18314.5
DT33,14,18299.5
EW22,12,18278.0
DT9,8,18252.5
CC19,8,18252.5
DT21,17,18238.5
DT13,14,18163.25
TE8,8,18160.75
DT13,16,18117.5
EW20,10,18069.5
EW4,11,18057.5
CG1,21,18026.0
DT35,21,18026.0
NS12,12,18016.25
NE17,23,17977.0
PTC,23,17977.0
NS12,10,17974.5
NS4,23,17973.0
BP1,23,17973.0
NS7,23,17973.0
NE5,10,17968.0
EW10,16,17955.0
DT33,15,17952.0
NS18,15,17934.5
EW25,20,17934.0
DT17,10,17882.5
NS10,5,17879.5
EW20,13,17851.5
DT22,8,17851.0
NS18,11,17846.0
NS12,15,17831.25
EW30,17,17822.25
NE5,13,17807.0
TE7,8,17767.5
CC10,15,17716.75
DT26,15,17716.75
TE6,17,17704.5
TE20,8,17700.0
CE2,8,17700.0
NS27,8,17700.0
NE13,6,17690.25
DT18,20,17674.25
DT26,14,17672.75
CC10,14,17672.75
DT19,6,17660.5
NE4,6,17660.5
NE5,12,17596.0
DT6,7,17538.5
TE7,18,17530.5
EW14,23,17448.75
NS26,23,17448.75
SW5,19,17440.0
DT27,9,17436.5
DT26,11,17432.5
CC10,11,17432.5
EW6,16,17406.5
TE3,17,17376.5
CC10,21,17373.0
DT26,21,17373.0
CC7,7,17365.0
EW6,20,17345.5
CC14,17,17231.75
EW7,6,17220.5
DT24,18,17214.25
NE5,14,17213.5
DT24,8,17212.25
NS12,11,17209.5
DT22,21,17209.5
CC26,17,17188.5
CC7,17,17168.0
TE3,19,17160.5
EW25,6,17148.5
DT8,7,17140.5
DT17,16,17135.0
NE5,15,17126.5
EW3,22,17123.5
DT33,11,17116.0
CC5,18,17091.0
CC9,23,17059.0
EW8,23,17059.0
PE6,18,17049.5
NS18,22,17035.75
NS19,23,17032.75
CC12,8,17012.0
NE8,6,16980.75
NE11,11,16951.5
DT21,19,16949.5
EW22,9,16947.25
DT28,20,16943.0
EW5,23,16942.75
DT13,11,16942.5
CC12,18,16934.75
DT34,18,16911.0
EW20,12,16906.25
DT13,15,16876.5
EW33,7,16857.5
DT13,10,16855.0
EW26,23,16846.5
DT23,8,16829.5
DT20,8,16829.0
CC26,7,16782.0
EW10,13,16779.0
DT9,17,16775.0
CC19,17,16775.0
CC6,13,16758.5
DT17,14,16747.5
EW7,22,16746.5
CC8,13,16715.0
NS22,23,16691.5
TE14,23,16691.5
EW19,6,16688.0
EW20,20,16685.75
PE5,7,16615.5
NS18,6,16592.25
EW6,13,16564.5
CC25,7,16561.0
TE15,17,16523.5
NS20,22,16521.0
CC11,11,16494.0
DT29,17,16435.25
TE18,12,16429.25
EW4,22,16417.5
EW32,8,16385.0
NE8,23,16349.0
DT3,19,16242.0
DT35,11,16216.0
CG1,11,16216.0
NE11,21,16208.5
DT30,17,16172.0
CC3,16,16160.0
DT29,19,16149.75
NE7,6,16148.5
DT12,6,16148.5
CC6,15,16113.0
TE6,9,16110.5
TE1,17,16110.0
EW6,12,16098.0
CC21,8,16083.5
EW3,6,16075.75
SW5,17,16039.0
EW20,6,16023.25
CC11,21,15960.5
EW32,18,15916.75
EW20,11,15911.0
NS15,22,15878.0
TE18,13,15859.0
PE3,8,15843.0
DT18,16,15837.0
EW18,22,15813.0
CC20,18,15810.5
CC7,19,15801.5
CC6,21,15779.5
EW6,21,15763.0
NE14,23,15747.5
CC6,14,15720.0
CC27,19,15705.0
CC16,9,15702.0
EW20,14,15657.0
CC6,12,15643.0
EW10,6,15628.5
CC21,12,15611.0
CC3,9,15601.0
TE18,17,15594.0
DT13,20,15587.0
EW10,10,15582.0
EW10,15,15579.75
EW20,15,15579.5
CC23,11,15562.0
TE18,19,15547.0
CC4,7,15530.5
DT15,7,15530.5
TE1,18,15525.0
DT22,9,15513.0
CC6,20,15498.75
TE11,17,15486.0
DT10,17,15486.0
EW31,18,15446.5
DT21,9,15438.0
CC21,13,15429.5
DT25,18,15429.25
CC8,9,15417.5
NE5,11,15401.5
CC14,19,15396.5
NS11,5,15394.0
EW10,12,15391.0
NS12,22,15387.0
TE15,8,15377.0
DT18,7,15349.25
NE11,10,15348.5
CC12,13,15348.5
TE1,7,15333.5
TE8,13,15304.75
DT28,6,15270.0
CC25,19,15234.75
DT3,17,15221.5
PE2,7,15209.5
EW19,22,15207.5
CC16,19,15206.5
EW10,14,15196.25
TE16,8,15144.5
DT18,14,15099.5
CC8,16,15086.5
EW22,11,15070.5
TE15,19,15059.5
EW10,22,15052.5
EW22,19,15050.5
DT34,8,15021.0
DT6,13,15011.5
NS17,23,15005.25
CC15,23,15005.25
DT7,18,15004.25
EW10,11,14924.0
CC6,22,14897.5
DT25,8,14896.5
EW25,21,14870.5
TE19,19,14866.5
PE7,7,14852.0
CC10,6,14841.0
EW6,14,14841.0
DT26,6,14841.0
EW25,16,14838.25
EW22,13,14807.0
EW6,10,14726.5
DT22,16,14715.5
DT22,22,14699.0
SW5,8,14689.5
TE6,13,14665.5
SW5,13,14656.0
EW6,15,14625.75
TE4,18,14606.5
EW31,8,14606.0
EW20,21,14605.0
EW33,17,14596.0
PE6,19,14589.5
DT22,7,14588.25
CC2,8,14571.75
CC21,7,14539.5
EW25,9,14518.5
DT26,22,14494.5
CC10,22,14494.5
CC3,8,14484.5
CC20,7,14471.0
DT9,9,14453.5
CC19,9,14453.5
TE8,16,14449.25
EW29,12,14430.25
DT6,15,14426.0
NS5,23,14415.5
CC6,8,14404.0
EW6,11,14393.25
TE12,8,14381.5
CC6,9,14365.75
DT30,9,14362.0
CC8,12,14334.75
CC3,21,14334.0
DT18,21,14321.25
DT6,16,14318.5
CC17,17,14298.5
TE9,17,14298.5
DT20,17,14286.5
CC21,9,14263.5
TE8,12,14206.75
TE8,9,14193.0
DT24,7,14183.5
CC14,9,14182.5
TE15,13,14165.5
DT34,17,14161.5
CC3,15,14143.0
CC21,16,14121.25
NS23,23,14117.5
CC20,8,14097.0
TE6,20,14088.5
CC12,17,14078.0
DT7,8,14073.0
PE3,18,14054.5
BP6,5,14051.0
DT1,5,14051.0
DT5,22,14032.0
DT10,13,14030.0
TE11,13,14030.0
NE10,22,14025.5
EW29,15,14009.0
DT9,19,13978.0
CC19,19,13978.0
CC23,20,13959.5
TE7,7,13953.5
CC2,17,13948.0
DT9,7,13941.5
CC19,7,13941.5
EW27,5,13926.25
CE2,17,13909.25
TE20,17,13909.25
NS27,17,13909.25
PE6,8,13907.5
CC21,20,13891.0
DT10,19,13878.25
TE11,19,13878.25
CC21,15,13819.5
DT22,12,13813.0
PE6,7,13790.0
NS27,19,13776.75
TE20,19,13776.75
CE2,19,13776.75
CC25,9,13762.0
PE6,17,13729.0
DT29,9,13727.5
NE10,6,13708.0
TE18,11,13696.5
TE6,21,13690.25
TE8,20,13662.5
CC6,11,13658.25
DT28,16,13656.5
CC5,17,13650.75
CC19,13,13644.5
DT9,13,13644.5
EW28,23,13640.5
SE2,7,13625.75
SE1,7,13619.5
CC14,16,13619.25
EW30,8,13608.0
EW1,23,13605.0
DT22,13,13580.75
DT20,19,13556.75
DT27,13,13531.0
DT9,16,13521.0
CC19,16,13521.0
NE6,23,13508.0
NS24,23,13508.0
CC1,23,13508.0
CC8,14,13505.25
TE16,17,13499.0
EW9,23,13491.0
DT6,19,13483.0
DT28,21,13479.25
EW29,13,13464.5
CC21,11,13463.5
TE6,16,13451.25
CC26,19,13428.25
EW11,6,13403.0
DT6,12,13389.5
PE5,18,13384.0
TE8,14,13381.0
TE15,9,13366.0
PE3,19,13349.5
NS27,9,13316.0
TE20,9,13316.0
CE2,9,13316.0
DT31,9,13298.5
CG2,6,13296.5
DT3,9,13279.5
CC3,13,13264.0
DT31,20,13259.5
DT13,21,13257.25
BP1,5,13250.0
NS4,5,13250.0
CC23,14,13246.25
DT22,15,13210.0
DT21,13,13204.25
SW5,12,13187.75
CC5,8,13159.0
BP3,7,13148.75
CC28,18,13139.0
EW29,21,13114.0
CC14,15,13090.0
TE18,14,13085.5
CC12,19,13081.25
CC3,20,13081.0
DT10,9,13078.5
TE11,9,13078.5
PE5,8,13071.5
DT6,11,13047.5
DT22,11,13039.5
EW22,21,12995.0
CC3,22,12974.0
DT24,17,12973.5
TE5,18,12969.75
EW22,14,12963.25
CC28,8,12958.0
SE2,18,12937.75
DT18,15,12935.5
PE3,7,12933.75
TE9,9,12933.5
NS16,5,12933.5
EW22,10,12933.5
CC17,9,12933.5
DT9,11,12929.5
CC19,11,12929.5
PW4,18,12922.25
CC24,6,12918.5
DT23,17,12907.5
DT22,14,12893.0
EW33,18,12887.0
CC3,14,12857.0
DT9,12,12847.75
CC19,12,12847.75
PE6,13,12847.75
DT8,8,12813.5
TE8,15,12808.0
CC14,13,12806.5
CC21,14,12770.0
SW5,14,12749.5
CC8,20,12721.75
DT22,10,12718.5
TE5,8,12715.0
TE18,9,12701.0
CC20,17,12689.75
DT21,11,12667.0
DT6,14,12656.0
DT21,16,12643.5
DT17,15,12618.75
CC3,12,12610.0
NS25,6,12558.0
EW13,6,12558.0
TE6,12,12547.0
EW30,18,12541.75
CC2,11,12539.75
PE2,18,12539.5
CC8,10,12538.5
EW29,9,12534.5
TE8,11,12526.75
DT27,20,12521.0
TE6,22,12517.5
EW26,5,12511.25
DT17,21,12502.5
CC19,14,12493.25
DT9,14,12493.25
CC16,13,12488.0
SW5,16,12466.5
CC21,21,12428.5
CC21,10,12415.0
CC6,10,12392.0
SE2,8,12384.5
DT21,21,12373.75
DT20,9,12366.75
CC8,15,12352.5
EW25,15,12335.25
PE3,17,12300.5
TE16,19,12296.0
SW6,7,12294.0
TE4,7,12276.25
DT31,16,12272.75
DT21,12,12258.0
DT21,15,12258.0
NS2,23,12257.0
CC2,9,12256.5
PE6,14,12252.5
TE11,16,12245.5
DT10,16,12245.5
PE6,12,12236.0
DT23,9,12227.75
CC19,15,12227.5
DT9,15,12227.5
EW29,14,12218.0
TE8,21,12204.5
EW17,23,12183.75
TE15,16,12171.5
DT7,17,12146.5
SE2,19,12134.5
TE3,6,12102.0
EW6,22,12100.0
NS14,5,12088.5
PW4,19,12083.0
BP11,7,12076.0
TE6,14,12069.75
TE7,17,12068.0
TE6,6,12057.5
CG2,23,12024.0
TE8,10,12021.0
CC7,16,11989.0
TE15,12,11982.5
PE5,19,11978.0
PE2,13,11940.5
DT25,7,11939.5
DT28,13,11936.25
CC12,9,11928.5
TE15,14,11919.75
TE4,17,11911.25
DT34,19,11908.5
TE8,7,11870.75
PE7,18,11855.25
DT7,7,11844.75
TE3,13,11836.5
TE3,9,11828.5
DT27,16,11806.0
EW24,5,11794.0
NS1,5,11794.0
BP4,8,11791.0
DT18,22,11780.0
TE18,10,11769.0
DT6,9,11752.75
TE3,16,11752.0
SW5,11,11739.0
DT21,20,11738.0
NE5,23,11726.25
CC7,9,11717.5
DT28,22,11715.25
TE3,20,11710.5
CC2,15,11679.25
TE11,14,11676.5
DT10,14,11676.5
TE6,10,11676.5
CC17,19,11634.5
TE9,19,11634.5
DT30,20,11610.0
TE3,21,11599.5
SW5,20,11597.0
TE18,8,11593.5
CC16,16,11591.75
DT28,15,11585.5
DT3,16,11580.75
DT8,18,11571.75
PE6,16,11570.5
TE3,12,11556.5
CC8,11,11556.25
NS5,5,11548.0
TE18,15,11534.75
DT28,10,11521.5
BP3,18,11516.0
CC7,12,11501.5
DT9,10,11482.25
CC19,10,11482.25
CC2,19,11460.5
EW32,19,11430.0
DT21,10,11416.5
TE5,7,11412.25
DT21,14,11399.0
PE2,8,11398.0
PW4,17,11396.0
EW28,5,11386.0
PE5,13,11376.5
EW25,22,11374.75
PW5,7,11361.5
DT27,12,11361.0
CC27,7,11357.75
CC3,11,11315.5
CC23,15,11311.0
TE15,15,11308.75
PE2,19,11300.5
DT31,21,11289.0
CC14,14,11279.5
DT34,7,11250.75
DT33,23,11217.5
PE6,11,11197.0
PE7,8,11195.0
EW25,10,11193.0
TE4,8,11192.25
CC12,16,11186.0
DT13,7,11185.5
TE18,20,11181.75
DT28,12,11180.0
DT29,20,11173.5
TE7,19,11168.5
NE11,22,11157.75
EW33,8,11142.75
TE16,9,11142.0
TE18,16,11133.75
TE22,18,11116.5
CC16,14,11116.5
CC8,21,11103.0
SW5,9,11101.5
PE3,13,11079.25
DT28,14,11069.25
NE5,7,11067.0
CC25,16,11050.0
EW15,23,11047.5
BP12,7,11036.0
CC16,12,11030.0
PE5,17,11015.0
CC3,10,11013.5
SW5,15,11013.0
EW20,22,10979.0
CC17,13,10960.5
TE9,13,10960.5
DT10,12,10954.0
TE11,12,10954.0
CC20,19,10948.5
SW5,10,10922.5
DT24,19,10910.5
PE6,10,10908.5
NE15,23,10907.25
EW31,6,10886.0
CC7,13,10846.25
TE6,15,10845.0
DT30,16,10835.75
DT5,6,10827.0
EW25,13,10822.5
PE6,9,10800.75
CC5,19,10707.5
PE6,15,10681.0
DT21,22,10679.5
NE13,23,10679.0
SW2,18,10656.0
DT23,19,10654.0
DT3,14,10646.75
CC14,12,10644.75
DT3,15,10637.5
NS8,5,10632.5
EW25,12,10618.75
CC2,13,10618.25
PE3,15,10609.0
BP2,7,10591.5
CC11,22,10558.0
DT8,13,10549.0
DT25,17,10536.5
DT3,13,10520.0
TE7,9,10507.0
DT29,6,10485.0
TE1,19,10482.5
TE6,11,10465.0
DT31,15,10456.5
SE1,8,10453.0
DT31,13,10446.75
DT32,5,10440.5
EW2,5,10440.5
NS8,23,10432.0
CC26,9,10410.5
EW25,14,10409.25
TE15,11,10403.5
SE2,17,10403.0
PE7,19,10336.5
DT30,21,10325.5
DT28,11,10314.5
BP3,8,10314.0
CC4,23,10305.0
DT15,23,10305.0
TE15,7,10295.0
CC28,9,10269.0
DT20,20,10254.0
DT27,10,10251.5
TE7,13,10248.75
CC20,9,10229.5
DT8,17,10224.5
TE12,17,10222.0
DT35,22,10211.5
CG1,22,10211.5
CC2,12,10204.75
CC7,20,10202.0
DT10,15,10178.0
TE11,15,10178.0
EW25,11,10146.5
PE2,17,10145.5
SE1,18,10140.5
DT24,9,10138.75
CC16,15,10138.0
CC8,6,10122.0
EW6,6,10118.25
PW4,7,10111.0
DT3,20,10110.0
TE1,16,10104.0
DT13,22,10088.5
PE3,16,10088.0
DT10,10,10069.0
TE11,10,10069.0
TE5,19,10065.5
EW31,19,10052.0
DT27,21,10040.0
SW5,21,10023.5
DT29,21,9986.0
DT3,12,9982.5
CC16,10,9969.0
CC17,15,9967.75
TE9,15,9967.75
PE3,12,9960.5
TE3,14,9952.5
NE9,23,9952.25
DT27,14,9947.0
DT7,19,9924.5
EW16,23,9921.0
NE3,23,9921.0
TE17,23,9921.0
TE15,21,9916.75
CC7,14,9906.5
TE15,20,9900.75
TE15,10,9891.0
CC24,22,9889.5
EW22,20,9864.0
DT3,11,9857.25
TE4,19,9856.25
DT25,19,9849.0
EW32,20,9837.0
TE22,19,9833.0
DT30,13,9831.25
CC6,7,9825.5
EW29,11,9808.25
CC7,15,9805.5
NS3,23,9793.0
DT30,10,9783.5
DT3,10,9777.25
DT31,22,9776.0
CC12,14,9719.5
EW33,6,9706.0
CC14,10,9703.0
PE3,9,9700.5
EW21,23,9698.75
CC22,23,9698.75
CC5,9,9696.0
TE16,7,9683.0
CC16,11,9681.0
PE3,14,9680.25
DT34,9,9680.0
CC7,21,9676.75
NE11,6,9644.5
BP3,19,9639.0
DT2,7,9629.25
DT31,12,9616.5
EW33,19,9615.5
CC12,12,9612.0
CC20,16,9592.5
NS23,6,9562.5
CC12,10,9553.0
TE13,18,9530.75
DT29,16,9527.0
TE18,21,9516.75
DT27,15,9475.0
CC28,7,9464.5
CC20,13,9399.0
DT31,6,9398.5
PE6,20,9394.5
NE7,23,9374.0
DT12,23,9374.0
DT30,6,9364.0
SW6,18,9360.5
DT2,8,9346.5
TE9,16,9320.75
CC17,16,9320.75
PE7,17,9318.5
TE3,15,9301.0
NS2,5,9297.5
SE5,7,9287.25
DT30,12,9275.0
PW4,8,9261.0
DT7,16,9259.0
DT20,16,9259.0
DT30,14,9255.0
DT27,11,9247.5
BP10,7,9247.0
DT31,10,9243.5
DT31,14,9239.0
TE16,16,9233.25
DT10,11,9231.5
TE11,11,9231.5
DT30,15,9185.0
TE3,10,9176.0
SW6,8,9165.5
CC26,6,9131.5
CC5,13,9084.5
SW2,7,9075.5
SW2,17,9074.5
CC28,17,9073.0
CC25,15,9073.0
TE5,17,9062.0
CC14,11,9035.25
CC5,16,9032.25
SE2,9,8978.0
TE16,10,8956.0
CC12,15,8955.5
SW5,6,8945.5
PW4,16,8945.25
CC2,16,8935.5
TE22,20,8929.5
CC23,21,8927.25
TE19,13,8926.0
TE19,12,8908.5
PE3,11,8901.0
CC21,22,8864.5
SE1,19,8861.0
CC25,6,8860.5
NS18,23,8858.75
PE1,18,8855.5
PW5,19,8835.5
TE22,17,8831.0
TE8,22,8826.5
TE1,9,8820.5
CC8,22,8812.75
PW7,7,8809.5
PE3,20,8804.0
DT6,10,8798.25
BP11,18,8795.0
TE12,18,8788.5
TE13,8,8788.5
TE7,16,8778.5
BP10,18,8774.5
CC2,14,8752.5
PW4,13,8749.75
EW32,6,8744.0
TE12,9,8725.5
CC28,19,8719.25
SW2,19,8698.25
EW11,23,8689.0
DT8,16,8679.0
CC14,20,8672.75
DT30,11,8667.0
DT31,11,8660.0
CC16,20,8646.0
PE1,7,8641.25
TE1,15,8639.25
TE2,0,8621.25
NS9,0,8621.25
PE3,10,8618.5
CC25,14,8596.5
CC12,6,8596.5
TE16,12,8596.0
EW30,19,8591.75
DT30,22,8577.75
CC5,22,8572.0
CE2,16,8543.0
TE20,16,8543.0
NS27,16,8543.0
DT3,21,8541.5
PE5,16,8527.5
DT29,10,8508.0
SE3,7,8489.0
CC5,12,8484.5
CC25,20,8479.25
SW2,8,8470.5
DT20,7,8470.0
TE16,13,8469.25
CC7,11,8468.25
TE19,7,8450.25
DT29,22,8443.5
CC1,6,8419.5
NE6,6,8419.5
NS24,6,8419.5
DT29,13,8413.75
SE2,13,8390.25
CC20,14,8385.75
DT25,9,8375.75
TE16,20,8371.5
DT10,20,8364.0
TE11,20,8364.0
NS12,23,8356.75
TE16,21,8351.0
PE2,16,8339.0
DT20,12,8315.5
TE16,11,8314.5
PW4,14,8307.5
CC23,6,8300.5
CC25,13,8289.0
CC12,20,8287.75
CC25,12,8286.25
DT8,14,8282.0
CC12,11,8271.0
DT17,22,8263.0
PE2,14,8251.75
PW4,20,8249.75
TE19,11,8248.0
SE4,18,8246.75
TE3,11,8244.0
DT23,7,8229.0
BP3,17,8227.75
DT20,21,8225.5
BP2,8,8195.0
DT8,19,8190.5
CC25,10,8189.0
PE1,19,8189.0
CC7,10,8181.25
DT20,13,8161.0
NS27,13,8154.5
TE20,13,8154.5
CE2,13,8154.5
SE2,12,8152.0
BP4,7,8143.5
PE5,14,8135.75
TE7,12,8133.0
NE16,5,8122.5
STC,5,8122.5
BP3,6,8105.0
PE5,12,8095.75
TE16,14,8088.5
BP4,17,8086.5
TE3,22,8063.0
DT20,10,8050.5
DT22,23,8045.0
CC5,15,8042.5
SE2,20,8013.5
SE1,17,8004.5
EW29,10,7978.25
EW22,22,7969.75
DT20,11,7968.0
TE1,6,7961.5
SE4,8,7958.75
EW4,23,7950.5
CC2,10,7944.25
TE13,17,7944.0
DT29,12,7936.0
NS13,0,7935.5
PE5,9,7933.75
SE2,16,7926.25
EW3,23,7918.0
DT7,15,7916.5
PE5,6,7912.5
TE7,14,7905.25
TE16,15,7897.5
EW7,23,7877.5
CC25,11,7871.0
CC20,12,7860.75
TE9,6,7855.75
CC17,6,7855.75
PE2,12,7853.25
EW32,16,7845.0
PW4,15,7837.0
NS27,12,7826.5
CE2,12,7826.5
TE20,12,7826.5
BP11,8,7825.5
PW7,18,7819.0
DT34,20,7809.0
DT6,21,7807.0
DT2,18,7772.5
PW5,18,7770.0
PE5,20,7765.0
PE1,8,7765.0
DT29,15,7760.0
DT8,15,7756.5
DT27,6,7747.5
TE16,22,7728.0
PE2,9,7701.5
PE2,20,7695.5
SW6,19,7687.5
PE5,15,7676.0
DT22,6,7672.0
DT21,7,7661.0
DT29,14,7655.75
DT27,22,7655.0
PTC,5,7649.0
NE17,5,7649.0
PW4,12,7646.0
DT7,9,7637.25
DT9,20,7635.0
CC19,20,7635.0
DT34,16,7630.25
TE19,16,7610.0
EW10,23,7605.0
DT10,21,7582.5
TE11,21,7582.5
TE12,10,7575.0
SW3,7,7570.25
CC20,15,7569.25
CC7,22,7563.5
NS3,5,7560.75
PE2,15,7553.25
TE12,12,7552.0
CC17,14,7551.75
TE9,14,7551.75
SE2,6,7550.5
DT6,20,7537.5
CC14,21,7527.0
CC20,10,7524.0
SE2,14,7521.5
DT17,6,7498.5
TE19,10,7492.5
SE2,10,7489.5
BP11,6,7489.0
CC25,21,7487.25
TE11,6,7469.5
DT10,6,7469.5
BP2,18,7466.75
CC17,12,7451.0
TE9,12,7451.0
SW2,16,7438.0
PE7,13,7437.75
EW18,23,7422.0
TE19,20,7418.5
TE12,7,7417.25
DT20,22,7403.0
SE3,18,7400.5
SE4,19,7389.25
TE7,15,7381.0
DT20,14,7375.0
DT25,13,7370.0
DT24,20,7368.5
SW2,13,7361.25
TE18,22,7340.0
TE1,21,7332.0
DT29,11,7330.0
TE12,11,7329.5
PE2,11,7304.0
PE6,21,7302.0
CC20,11,7301.5
DT5,23,7299.5
DT24,16,7285.5
DT2,17,7282.5
SE4,7,7280.75
PE5,11,7257.0
TE22,16,7254.75
PW5,6,7246.25
CG1,6,7240.5
DT35,6,7240.5
CC27,16,7238.5
SE3,8,7232.0
CE2,14,7230.75
NS27,14,7230.75
TE20,14,7230.75
TE19,14,7227.0
EW30,6,7217.0
CC16,21,7207.5
EW29,22,7199.0
CC16,6,7198.0
PE1,17,7196.0
TE20,20,7194.0
NS27,20,7194.0
CE2,20,7194.0
SE2,11,7189.5
DT34,12,7183.0
PW4,9,7182.5
BP10,19,7180.5
PW7,19,7172.0
BP11,19,7165.5
SW1,8,7159.0
TE9,10,7158.5
CC17,10,7158.5
SE2,15,7137.25
CE2,15,7129.25
NS27,15,7129.25
TE20,15,7129.25
SE2,21,7103.5
DT26,23,7103.25
CC10,23,7103.25
SW6,17,7087.75
EW19,23,7085.5
SW6,13,7075.0
SW5,22,7069.5
SW1,7,7066.5
DT8,12,7058.75
PE1,13,7052.0
PE7,20,7036.25
SE1,9,7034.5
CC19,21,7025.5
DT9,21,7025.5
TE7,10,7017.5
DT8,9,7010.0
CC12,21,7006.25
SW7,7,7003.5
NS10,0,6995.5
CC5,14,6993.0
EW22,6,6985.0
DT7,13,6975.25
SE3,19,6967.75
DT34,13,6953.0
NS11,0,6931.0
DT24,21,6924.0
TE7,11,6921.0
DT7,14,6919.5
DT8,11,6916.5
PE3,21,6899.0
DT20,15,6891.0
PE5,10,6881.75
PW4,11,6881.0
EW1,5,6878.5
PW4,21,6875.75
NS27,11,6864.0
TE20,11,6864.0
CE2,11,6864.0
TE15,22,6851.0
SW2,14,6829.5
TE12,16,6825.5
PE7,16,6812.5
CC27,13,6795.0
SE1,12,6791.5
CC5,11,6784.75
TE13,9,6774.0
DT24,6,6759.5
DT3,22,6756.5
SW2,12,6747.0
EW33,20,6735.0
TE5,9,6733.0
DT7,12,6711.0
BP4,9,6709.75
BP12,8,6705.0
CC5,20,6695.5
CC14,6,6691.0
BP10,8,6673.25
DT24,13,6672.0
CC2,21,6666.0
PE2,10,6654.5
TE1,13,6644.5
TE9,20,6639.5
CC17,20,6639.5
SW1,18,6638.5
TE12,13,6636.5
CC2,22,6633.75
SW1,17,6632.5
TE7,20,6616.5
CC20,20,6615.5
TE22,21,6595.5
TE13,16,6586.0
EW5,5,6575.25
EW31,20,6570.5
DT6,22,6569.5
PE6,6,6568.0
NS16,0,6559.75
SE4,17,6557.5
TE11,22,6545.5
DT10,22,6545.5
PE2,6,6535.0
NS15,23,6533.5
PE7,6,6524.0
PE7,14,6498.0
SW2,9,6471.0
BP10,17,6467.5
DT7,11,6455.5
BP3,20,6452.0
TE13,12,6446.5
CC7,6,6435.0
DT28,23,6432.5
TE1,20,6418.0
PW5,20,6414.5
TE6,23,6411.5
DT24,10,6395.0
TE9,11,6392.0
CC17,11,6392.0
BP2,19,6391.0
SE1,6,6380.0
DT24,12,6358.0
DT25,20,6355.0
SW4,7,6347.5
SE1,13,6334.0
CC26,20,6329.75
PW4,6,6326.0
SW2,11,6310.0
BP4,16,6305.25
CC27,20,6305.0
CC27,10,6295.5
PE7,12,6294.75
PW4,10,6292.0
DT34,11,6286.0
EW33,16,6282.75
TE4,16,6276.5
PW5,17,6273.5
SE5,18,6257.0
CC26,16,6256.5
CC4,6,6246.0
DT15,6,6246.0
PE7,9,6237.0
BP11,17,6229.0
BP4,18,6216.0
TE12,14,6199.0
BP12,18,6190.5
PE2,21,6166.5
PW7,17,6162.75
DT34,10,6162.5
PE5,21,6158.0
TE19,15,6137.25
PW3,7,6114.5
DT25,16,6113.0
SW2,15,6110.75
SE4,9,6106.5
TE12,15,6105.75
PW5,13,6103.5
SW2,10,6097.0
CC3,7,6096.0
NE12,5,6083.5
CC13,5,6083.5
BP12,6,6070.25
CC27,12,6068.25
TE13,19,6059.5
SE1,16,6059.0
NS28,16,6049.5
TE13,13,6040.0
DT24,15,6032.5
CC2,20,6031.0
BP10,6,6025.25
SE1,20,6025.0
CC28,16,6017.0
CC28,20,6004.0
TE4,20,5992.75
DT8,10,5949.5
BP8,7,5942.75
DT34,21,5940.0
PW5,8,5935.5
SE1,15,5934.25
BP4,12,5934.0
SW2,20,5924.0
TE5,20,5923.25
SE1,14,5910.5
DT18,6,5905.0
NS28,12,5899.0
SW7,8,5893.0
DT24,11,5881.0
BP3,9,5876.75
TE4,9,5869.0
DT7,10,5865.25
NE10,23,5865.0
EW30,16,5865.0
EW23,5,5855.5
DT34,14,5854.5
EW31,16,5852.5
CC5,21,5852.5
EW6,23,5847.0
CC5,10,5843.5
DT23,16,5838.5
CC14,22,5817.0
TE13,14,5810.25
DT24,22,5803.5
SW4,18,5792.0
BP3,16,5791.0
SW7,18,5790.0
DT24,14,5781.75
SW6,9,5774.5
TE9,21,5769.75
CC17,21,5769.75
TE20,10,5760.0
NS27,10,5760.0
CE2,10,5760.0
PE3,6,5758.25
BP9,7,5739.5
NS28,17,5732.25
TE4,13,5723.5
CC3,23,5718.5
DT34,15,5711.0
DT18,23,5704.0
PE7,15,5698.5
PW7,8,5697.5
DT23,10,5671.0
BP3,13,5668.0
SE4,12,5664.5
CC26,12,5659.25
TE22,15,5658.0
TE7,21,5650.0
EW25,23,5649.25
CC2,7,5642.5
PE7,21,5637.0
DT3,6,5634.5
CC26,13,5632.5
TE5,16,5624.75
DT25,21,5621.75
SW6,12,5616.5
SE5,8,5605.0
SW3,18,5600.5
PE1,12,5583.0
DT7,20,5579.75
TE13,15,5571.5
SW1,12,5571.0
TE4,12,5545.0
BP5,7,5536.5
NS28,14,5526.75
EW20,23,5525.0
PE1,16,5521.0
SE1,11,5518.0
CC28,10,5504.0
DT23,12,5501.5
PE1,20,5483.25
CG2,5,5481.75
CC28,13,5481.5
BP3,21,5479.0
TE13,11,5479.0
CC28,12,5477.5
CC25,22,5469.0
PE7,10,5465.75
SW6,14,5456.5
DT23,13,5455.5
SE2,22,5455.0
BP3,14,5453.0
SE4,10,5445.5
SE3,17,5443.0
PE7,11,5438.0
EW30,20,5437.0
SE1,10,5431.0
CC20,6,5426.75
CE2,7,5425.5
TE20,7,5425.5
NS27,7,5425.5
PE1,9,5398.0
CC20,21,5392.25
SE1,21,5370.75
SE4,11,5370.0
SE4,13,5350.0
PW5,21,5347.0
SW6,16,5343.0
TE1,12,5342.75
TE7,6,5341.0
SW1,13,5334.5
TE13,10,5325.5
NS28,15,5318.5
TE12,19,5317.5
TE5,13,5315.75
CC16,22,5314.5
DT23,20,5313.5
NS14,0,5309.25
TE1,14,5302.0
SW6,6,5280.0
TE4,14,5280.0
TE19,21,5276.5
SW8,7,5268.0
SW4,19,5244.5
SE3,13,5240.0
CC28,21,5235.0
BP3,12,5231.5
DT13,23,5223.0
EW29,5,5222.5
NE14,5,5218.0
SE4,16,5217.75
SW3,13,5215.5
CC28,11,5214.5
TE5,21,5212.0
EW33,9,5199.0
SW6,20,5190.5
SE5,19,5190.0
SE5,17,5189.5
TE4,15,5181.0
PE1,14,5174.5
EW32,21,5170.5
SE4,14,5167.5
BP5,18,5166.75
PE1,15,5164.0
BP2,6,5160.75
BP8,18,5157.0
DT25,12,5153.25
CC12,22,5152.5
NS28,11,5142.5
CC27,11,5137.0
SE5,13,5107.0
NS28,18,5105.5
BP2,17,5097.25
TE13,7,5089.25
CC28,14,5083.5
BP3,15,5083.0
TE8,6,5078.0
CC6,23,5077.0
CC28,15,5072.5
SW6,10,5067.5
CC28,6,5067.25
BP10,9,5066.75
TE22,14,5058.0
DT25,10,5042.75
DT21,23,5036.0
SW7,17,5023.0
CC19,6,5022.0
DT9,6,5022.0
CC23,22,5018.5
SW1,16,5017.0
SW7,19,5015.5
CC5,7,5011.5
BP3,11,5011.5
CC21,6,5006.0
PW7,13,4994.5
BP11,9,4969.5
BP4,11,4952.5
CC11,23,4951.25
DT25,6,4932.5
TE4,11,4930.0
CC26,10,4918.5
PW7,20,4916.0
TE18,7,4903.0
SE4,20,4888.0
SW1,19,4887.0
SW4,8,4876.0
DT23,15,4875.0
PE2,22,4874.75
TE4,21,4873.0
BP12,19,4871.5
EW32,9,4870.0
BP10,13,4863.5
BP9,8,4862.5
TE5,14,4855.75
DT23,14,4853.25
SE3,20,4848.5
CE2,21,4828.25
NS27,21,4828.25
TE20,21,4828.25
PE1,11,4824.75
DT31,23,4822.0
TE4,10,4816.0
SW6,15,4809.25
CC19,22,4801.0
DT9,22,4801.0
CC27,14,4800.5
SW3,8,4782.75
NS19,5,4778.0
BP3,10,4775.75
SE5,12,4773.25
DT25,15,4770.5
TE5,15,4766.5
NS20,23,4766.0
TE5,12,4765.75
PW7,16,4754.0
SW2,6,4752.5
SW8,17,4749.5
DT23,11,4736.0
CC26,15,4730.0
SW4,17,4715.5
PE1,10,4713.5
SW6,11,4681.75
PE1,21,4680.0
PE5,22,4678.0
EW25,5,4677.5
PW1,18,4671.25
BP12,17,4667.0
TE5,22,4663.0
SW8,13,4656.0
PE6,22,4642.0
SE3,9,4638.75
PE3,22,4638.5
BP4,15,4636.0
DT2,9,4622.5
PW5,16,4621.5
DT25,22,4610.5
SE4,15,4609.0
PW1,17,4607.0
TE9,22,4601.0
CC17,22,4601.0
NS28,13,4593.5
EW33,15,4590.5
SW8,18,4590.25
BP2,9,4589.0
TE4,6,4582.0
BP9,18,4582.0
DT7,21,4576.0
SW2,21,4575.0
DT25,14,4575.0
BP10,12,4571.0
DT30,23,4566.5
BP10,20,4560.75
EW33,21,4533.0
DT23,21,4520.0
BP10,16,4516.5
DT2,16,4509.0
BP4,10,4505.5
DT2,19,4505.0
TE5,6,4478.0
DT25,11,4477.0
BP5,8,4476.25
SE3,6,4462.5
PW4,22,4453.5
SW3,19,4445.5
CC26,11,4442.0
TE22,13,4430.0
CC6,6,4428.0
TE5,11,4425.5
CC27,15,4424.25
TE22,12,4416.25
TE5,10,4411.0
DT34,22,4390.5
BP11,13,4380.75
BP6,0,4373.0
DT1,0,4373.0
SW7,13,4371.5
DT29,23,4370.0
NS5,0,4365.5
SW3,17,4364.75
SW1,11,4362.5
DT6,6,4360.5
TE7,22,4359.0
DT13,6,4352.75
PW5,9,4340.0
SW6,21,4316.75
BP9,9,4310.5
SE3,16,4305.5
NE5,6,4298.0
PW7,14,4295.0
BP5,17,4289.5
SE1,22,4288.5
SW1,14,4286.5
BP8,6,4273.5
NS15,5,4268.0
DT32,0,4267.5
EW2,0,4267.5
PE4,7,4267.0
SE5,16,4258.25
BP4,19,4257.5
SW8,8,4234.25
TE3,23,4228.25
BP11,20,4222.5
BP10,15,4219.5
SE3,14,4217.5
BP11,16,4216.5
CC26,14,4207.75
PW7,21,4206.0
CC5,23,4198.5
BP3,22,4189.0
EW27,0,4183.5
SW7,12,4176.0
BP12,9,4167.75
BP10,14,4158.0
BP11,12,4153.5
BP9,19,4138.0
BP10,10,4136.5
PE4,18,4133.0
BP4,13,4131.25
SE5,9,4127.5
PE1,6,4118.5
DT14,5,4107.0
EW12,5,4107.0
SE3,12,4103.5
NS4,0,4088.0
BP1,0,4088.0
NS28,9,4082.5
SW7,9,4072.5
SE3,21,4072.0
TE22,11,4071.5
BP2,13,4066.5
PW7,9,4059.25
CC26,21,4045.75
SE5,14,4045.0
PW7,6,4044.0
SE4,21,4035.5
NS28,10,4035.0
SW8,12,4027.5
PW5,10,4025.5
DT8,20,4024.0
NE11,23,4013.0
CC15,5,4007.0
NS17,5,4007.0
PW1,16,4005.5
BP5,19,4003.0
PW5,12,3999.5
TE13,20,3998.0
PW5,14,3997.0
BP10,11,3987.0
PW7,15,3985.0
PW7,12,3984.0
SE5,15,3977.5
BP8,19,3973.5
TE4,22,3971.5
TE16,6,3963.5
SE4,6,3961.5
DT2,13,3955.5
SW1,15,3954.5
EW32,15,3951.5
BP12,13,3949.0
PE4,19,3945.25
SW1,20,3940.5
SE5,6,3938.0
DT27,23,3937.0
PW1,13,3912.25
DT23,22,3910.5
BP12,12,3908.5
PW6,7,3907.0
NS28,8,3901.5
EW31,9,3901.0
BP7,7,3895.5
PW1,15,3894.25
BP11,10,3889.5
PW1,14,3884.0
BP10,21,3878.0
PW5,15,3871.25
BP2,20,3868.5
TE1,22,3863.5
SE3,15,3862.5
NS12,5,3860.25
PW3,18,3857.5
SE3,11,3843.5
BP4,14,3835.0
SE3,10,3835.0
BP11,11,3833.5
SW4,13,3822.75
SW7,16,3814.5
SW1,9,3805.5
PE7,22,3794.5
DT20,23,3792.5
DT7,22,3779.0
PE1,22,3777.5
TE16,23,3772.5
EW32,13,3772.0
CC28,22,3770.0
EW32,14,3765.5
PW3,8,3762.0
BP9,17,3755.0
EW33,12,3754.5
NS21,5,3753.5
DT11,5,3753.5
CC27,21,3740.5
BP8,17,3739.5
SE5,20,3731.0
EW1,0,3724.5
DT8,21,3715.5
SW7,11,3708.5
DT33,5,3704.5
SW8,19,3700.5
PW5,11,3698.0
SW7,14,3695.0
BP9,6,3694.0
PW1,12,3691.75
SE5,10,3691.5
PW5,22,3675.25
CC20,22,3672.0
SW7,20,3665.0
SE5,11,3662.5
EW26,0,3652.5
EW32,12,3645.5
BP8,8,3645.25
CC8,23,3643.0
BP11,14,3639.0
EW33,13,3635.5
DT24,23,3623.0
PW6,8,3621.0
BP11,15,3613.5
SW7,10,3606.5
EW33,10,3605.25
EW9,5,3602.5
NE12,0,3598.75
CC13,0,3598.75
DT2,12,3585.25
TE1,10,3585.0
SW3,16,3577.0
DT8,6,3559.5
BP2,16,3554.0
SW1,10,3553.0
SW4,14,3551.5
TE22,10,3550.5
SW4,12,3545.5
TE1,11,3541.5
STC,0,3536.0
NE16,0,3536.0
TE8,23,3531.0
EW32,22,3529.5
DT34,6,3529.0
TE18,23,3518.0
EW33,14,3506.0
PW7,11,3493.25
EW24,0,3473.75
NS1,0,3473.75
SW3,12,3468.75
DT11,0,3454.5
NS21,0,3454.5
BP2,12,3433.0
DT2,14,3432.0
PW6,18,3430.5
EW3,5,3419.5
CC21,23,3415.5
BP11,21,3412.5
TE13,21,3399.5
BP2,10,3397.25
SW4,16,3396.0
SW4,20,3384.0
BP9,10,3380.25
SW5,23,3379.5
EW33,11,3379.5
BP2,21,3374.0
DT35,23,3370.0
CG1,23,3370.0
BP2,14,3365.5
PE4,17,3362.75
SE3,22,3361.0
EW32,11,3359.0
NS27,22,3358.5
TE20,22,3358.5
CE2,22,3358.5
BP9,13,3350.25
SW1,6,3341.0
EW31,21,3339.5
EW17,5,3336.5
BP9,11,3331.0
EW32,10,3328.25
TE22,22,3323.5
TE12,20,3323.5
EW28,0,3316.0
SW8,16,3304.5
BP13,7,3300.0
SW8,14,3293.5
TE11,23,3290.5
DT10,23,3290.5
PW7,10,3289.5
SW7,15,3284.5
EW33,22,3284.0
PW1,11,3261.75
BP9,12,3252.0
DT7,6,3232.5
SW3,14,3232.0
BP10,22,3227.5
BP12,11,3220.0
PTC,0,3217.5
NE17,0,3217.5
PW1,19,3214.5
SW3,20,3212.0
SW3,9,3206.0
EW4,5,3204.0
SW3,11,3201.0
TE19,22,3199.75
CC7,23,3195.5
PW6,17,3194.75
CC27,6,3189.5
DT17,23,3188.0
SW6,22,3188.0
BP2,11,3185.25
BP12,14,3165.25
SW3,10,3160.0
SW7,6,3156.5
BP12,10,3156.5
BP2,15,3154.75
DT3,23,3153.5
BP4,20,3147.0
BP12,16,3144.75
BP4,6,3138.75
NE15,5,3125.75
NS28,19,3099.0
NS28,7,3095.5
TE12,6,3094.0
PW7,22,3089.5
SE5,21,3082.0
SW3,6,3073.5
BP5,9,3065.0
BP5,13,3051.25
PE4,8,3039.0
SE4,22,3035.5
SW8,6,3032.75
BP5,16,3032.0
SW8,11,3009.5
SW7,21,3008.0
DT23,6,3006.0
SW4,15,3005.0
DT2,15,3005.0
PW3,19,3003.5
NS8,0,2980.5
EW31,15,2973.5
DT2,10,2970.5
SW3,15,2963.0
SW8,9,2960.25
SW2,22,2960.0
EW30,15,2959.0
SW4,9,2956.25
BP5,12,2951.25
BP13,18,2950.0
NE13,5,2938.0
BP5,6,2937.5
NS18,5,2937.5
EW30,9,2916.0
SW4,11,2913.0
PW6,19,2912.5
NS2,0,2904.5
BP13,6,2904.5
BP9,16,2895.5
SW8,15,2894.25
SW1,21,2893.25
CC24,23,2870.5
EW7,5,2833.5
PW3,17,2832.5
SW8,10,2825.0
NS7,0,2818.5
PE4,13,2817.0
EW31,12,2812.25
TE12,21,2810.5
BP4,21,2809.5
BP5,14,2808.5
CC3,6,2806.0
EW30,12,2800.0
PW6,13,2796.75
BP7,18,2796.0
TE15,6,2763.0
BP11,22,2742.25
CC26,22,2733.0
SW4,6,2725.0
PW1,9,2721.5
BP2,22,2721.5
BP5,15,2720.5
SE2,23,2712.75
SW4,10,2708.5
TE20,6,2707.25
CE2,6,2707.25
NS27,6,2707.25
EW30,21,2703.5
PE4,20,2702.5
PW1,10,2695.5
BP5,10,2685.0
TE13,22,2684.5
BP11,5,2679.5
SW4,21,2665.5
PW6,14,2653.5
BP5,11,2650.0
EW33,5,2649.75
PE2,23,2644.0
BP9,20,2623.5
CC25,23,2621.25
BP5,20,2615.5
PE4,16,2614.0
DT20,6,2608.75
SW3,21,2593.5
BP13,8,2593.0
PE4,12,2583.5
BP12,15,2582.5
EW22,23,2582.0
PW6,16,2570.0
SW8,20,2562.0
BP9,14,2560.5
DT21,6,2545.0
PW6,9,2539.0
BP8,13,2534.5
BP10,5,2532.5
PE4,14,2532.0
DT2,6,2531.0
DT33,0,2529.5
BP7,6,2525.5
EW8,5,2525.5
CC9,5,2525.5
DT34,23,2509.0
DT2,20,2507.75
CC2,23,2495.0
PE5,23,2480.0
BP12,20,2477.5
BP8,9,2462.0
DT2,11,2456.5
BP8,20,2452.5
BP8,16,2440.5
TE5,23,2436.25
SW7,22,2427.0
EW30,14,2418.0
EW19,5,2416.5
EW31,14,2411.5
CC14,23,2399.5
PW6,6,2395.0
BP9,15,2392.0
SW8,21,2391.5
SW5,5,2382.0
NE14,0,2381.0
TE12,22,2379.0
TE19,6,2367.75
PW6,12,2366.5
PE4,15,2364.0
CC16,23,2364.0
EW29,23,2361.75
NS19,0,2359.0
DT8,22,2356.0
SE5,22,2354.5
DT26,5,2344.75
CC10,5,2344.75
DT25,23,2338.0
NS3,0,2330.5
EW31,13,2319.25
TE9,23,2299.5
CC17,23,2299.5
EW30,11,2258.5
TE22,9,2257.0
NS17,0,2250.0
CC15,0,2250.0
TE3,5,2232.5
PW6,11,2231.25
CC5,6,2222.5
EW31,22,2213.75
EW5,0,2204.0
DT6,23,2201.5
CC27,22,2184.75
BP13,9,2180.5
EW31,11,2177.0
EW23,0,2174.25
PW6,15,2173.0
PE3,23,2172.5
SE1,23,2163.5
PW3,16,2162.0
CC22,5,2153.5
EW21,5,2153.5
PW4,23,2152.5
BP7,19,2152.0
PW1,8,2150.0
BP7,8,2148.0
BP8,15,2146.25
PW5,23,2137.75
BP5,21,2136.0
EW4,0,2131.0
BP8,21,2131.0
BP13,17,2129.0
BP13,19,2123.5
EW10,5,2119.5
DT2,21,2117.0
NS12,0,2108.0
PE4,21,2104.5
SE2,5,2104.5
CC19,23,2099.5
DT9,23,2099.5
EW30,10,2094.5
PE4,9,2088.0
PE4,11,2087.0
TE7,23,2086.5
PE6,23,2079.5
PW3,6,2076.0
CC12,23,2061.0
PW3,9,2055.5
NS26,5,2051.25
EW14,5,2051.25
PW6,10,2050.25
PE4,6,2037.5
BP7,17,2028.5
BP12,21,2027.5
PE1,23,2025.5
BP8,12,2024.25
BP9,21,2023.25
PW1,20,2020.5
SW3,22,2013.75
EW30,13,2013.5
BP8,14,2003.25
EW11,5,1993.5
TE18,6,1985.5
EW31,10,1977.5
BP3,5,1974.25
PE4,10,1970.5
SW8,22,1967.5
EW18,5,1964.75
SE3,23,1950.0
BP12,5,1943.0
SW4,22,1930.5
NE9,5,1930.0
PW6,20,1926.75
TE6,5,1918.0
EW12,0,1891.0
DT14,0,1891.0
EW20,5,1863.5
TE15,23,1856.5
PW3,20,1839.0
CC28,23,1830.0
EW30,22,1823.5
PE4,22,1804.5
BP4,22,1802.0
BP9,5,1790.5
BP8,11,1781.25
NS28,20,1765.0
CE1,0,1763.25
DT16,0,1763.25
TE4,23,1739.25
CC23,23,1736.5
DT23,23,1731.0
SW1,22,1730.0
TE13,6,1720.5
NS20,5,1710.5
EW3,0,1703.5
PE7,23,1695.5
DT7,23,1686.5
BP8,22,1681.0
BP5,22,1668.25
BP13,10,1667.5
EW8,0,1657.0
CC9,0,1657.0
DT2,22,1652.0
PW3,13,1652.0
EW31,5,1638.0
BP8,10,1631.25
SW6,23,1624.0
CC2,6,1619.0
PW6,21,1612.25
PE5,5,1598.25
EW32,23,1597.0
PW3,21,1594.0
BP13,13,1579.75
BP8,5,1579.25
TE22,8,1578.75
PE2,5,1552.0
SE4,23,1552.0
BP2,5,1549.75
CC20,23,1546.75
CC11,5,1545.0
BP13,12,1544.5
PW7,23,1534.75
BP12,22,1532.0
CC29,5,1529.0
NE1,5,1529.0
BP7,9,1524.0
BP3,23,1507.0
SE1,5,1497.0
BP13,11,1483.5
NE15,0,1472.5
BP10,23,1461.0
CE2,23,1451.5
TE20,23,1451.5
NS27,23,1451.5
PW1,21,1438.25
PW3,15,1431.5
PW3,12,1421.0
SW2,23,1415.0
BP7,16,1400.0
NE3,5,1388.5
TE17,5,1388.5
EW16,5,1388.5
TE1,23,1369.0
DT29,5,1358.0
PE6,5,1341.0
NS18,0,1340.0
DT28,5,1337.75
PW4,5,1331.5
DT31,5,1326.0
BP7,12,1321.5
NE13,0,1319.5
PW3,14,1319.0
BP7,20,1315.5
EW33,23,1315.5
TE14,5,1308.0
NS22,5,1308.0
BP13,14,1301.0
PW3,10,1292.25
BP9,22,1292.0
PW3,11,1285.0
PW5,5,1276.25
BP7,13,1270.0
BP13,16,1268.25
TE19,23,1266.0
CC17,5,1247.5
TE9,5,1247.5
PW1,7,1243.0
TE13,23,1238.75
SW7,23,1236.5
EW32,5,1236.0
NS15,0,1231.0
NS28,21,1222.25
NE10,5,1218.0
BP7,21,1215.0
BP7,15,1212.5
BP13,15,1210.0
BP7,14,1204.75
EW30,5,1203.0
PW6,22,1202.5
DT5,0,1196.0
DT5,5,1183.25
EW9,0,1178.5
PE3,5,1171.5
CC25,5,1171.0
CC26,23,1165.0
TE22,7,1147.5
BP13,5,1122.5
NE4,5,1120.75
DT19,5,1120.75
NS28,6,1097.5
BP11,23,1092.25
SW4,23,1091.5
PW3,22,1083.0
CC7,5,1077.25
SE5,23,1071.0
EW21,0,1062.25
CC22,0,1062.25
PE1,5,1062.0
SE4,5,1060.5
EW25,0,1035.25
DT30,5,1034.25
SW3,23,1033.5
BP7,11,1024.75
SW6,5,1013.75
SE3,5,990.25
DT19,0,980.0
NE4,0,980.0
BP4,5,978.75
SW5,0,975.0
NS23,0,960.75
TE3,0,959.5
DT28,0,953.5
NS25,5,952.5
EW13,5,952.5
EW15,5,951.5
BP7,22,943.5
BP5,5,936.0
SW3,5,935.75
CC4,0,925.75
DT15,0,925.75
TE6,0,924.0
CC8,5,923.0
SW8,23,922.5
DT24,5,920.25
BP2,23,911.0
PE7,5,909.75
BP7,5,902.5
NE8,0,899.5
NE7,5,898.0
DT12,5,898.0
DT8,23,897.5
BP7,10,887.5
DT2,23,885.75
PE4,23,870.5
BP13,20,869.0
TE12,23,864.0
CC28,5,862.75
EW7,0,853.0
NE8,5,849.5
DT26,0,845.0
CC10,0,845.0
EW6,5,824.0
SW2,5,823.5
DT31,0,794.75
SE5,5,785.0
CC16,5,777.5
CC14,5,773.75
CE1,5,773.0
DT16,5,773.0
PE2,0,766.5
CC23,5,754.0
CC3,0,743.0
EW6,0,740.0
EW10,0,738.75
DT30,0,738.5
SW7,5,737.25
EW31,23,732.75
PW7,5,732.75
TE22,23,731.5
NS24,0,729.0
CC1,0,729.0
NE6,0,729.0
DT27,5,726.0
EW22,5,724.5
BP12,23,723.5
NS28,22,723.0
EW30,23,722.0
BP13,21,720.5
DT22,5,714.5
DT3,0,711.75
CC21,5,704.0
CC27,23,703.0
NE11,5,701.5
EW16,0,699.25
NE3,0,699.25
TE17,0,699.25
TE14,0,698.0
NS22,0,698.0
DT34,5,694.0
PE5,0,688.5
BP8,23,679.5
BP4,23,671.5
DT12,0,664.0
NE7,0,664.0
DT22,0,654.5
PE3,0,650.5
SW8,5,642.75
DT29,0,633.5
EW13,0,631.5
NS25,0,631.5
SE2,0,629.0
TE1,5,618.0
PW1,22,614.0
CC12,0,606.0
NS23,5,600.5
SW1,23,599.0
DT25,5,598.5
DT3,5,596.75
PW5,0,590.25
PE6,0,588.0
CC12,5,587.0
PE1,0,586.5
BP5,23,582.0
PE4,5,579.0
EW17,0,578.0
CC24,5,571.0
CC19,5,566.5
DT9,5,566.5
CC8,0,564.0
NE6,5,560.5
NE9,0,560.5
NS24,5,560.5
CC11,0,560.5
CC1,5,560.5
EW11,0,560.0
BP9,23,546.0
CC7,0,537.25
PW3,23,530.5
PW4,0,529.25
PW6,23,523.0
EW19,0,516.5
CC17,0,513.0
TE9,0,513.0
EW15,0,512.0
CG1,5,510.0
DT35,5,510.0
CC14,0,509.25
NE10,0,499.0
SW6,0,496.5
DT34,0,493.5
DT27,0,491.0
CC20,5,491.0
NE5,0,490.5
SE1,0,488.0
NS26,0,486.5
EW14,0,486.5
DT13,0,485.0
EW20,0,466.5
DT21,0,465.5
PW6,5,462.0
PW3,5,459.0
SE3,0,448.0
TE8,5,434.5
TE7,5,431.5
BP13,22,421.5
SE4,0,415.75
TE4,5,412.5
SW4,5,409.5
DT18,0,406.75
PE7,0,393.5
TE1,0,392.0
NE1,0,391.5
CC29,0,391.5
EW32,0,388.0
DT35,0,385.75
CG1,0,385.75
EW18,0,384.0
DT24,0,374.0
NS20,0,372.0
DT6,0,371.75
PW7,0,367.75
PW1,6,362.0
TE7,0,361.5
SW7,0,352.5
TE5,0,351.0
CC16,0,346.5
DT9,0,343.0
CC19,0,343.0
BP7,23,342.5
NS28,23,334.25
DT25,0,328.5
TE8,0,323.0
DT10,0,323.0
TE11,0,323.0
CC6,0,317.75
EW33,0,315.5
TE22,6,313.0
DT7,0,309.75
EW29,0,308.5
CC5,5,305.5
EW22,0,298.0
DT20,0,298.0
SW4,0,295.5
CC26,5,288.5
CC21,0,286.0
TE5,5,285.75
SE5,0,271.0
SW3,0,269.0
DT2,0,261.0
CE2,5,260.5
NS27,5,260.5
TE20,5,260.5
NE11,0,260.5
DT8,5,258.5
SW2,0,257.0
DT15,5,247.0
CC4,5,247.0
DT6,5,245.75
CG2,0,242.0
PE4,0,239.5
CC20,0,239.0
CC25,0,237.5
SW1,5,233.0
CC24,0,227.5
TE4,0,217.0
DT13,5,212.0
DT17,0,211.0
DT23,0,209.5
DT8,0,197.25
DT10,5,192.25
TE11,5,192.25
BP13,23,183.75
PW6,0,174.5
CC23,0,174.0
EW31,0,170.0
TE16,0,166.0
SW8,0,163.5
PW1,23,161.0
NE5,5,160.75
EW30,0,160.5
DT7,5,150.0
DT2,5,149.5
PW3,0,145.5
CC2,0,126.0
TE16,5,124.0
NS27,0,120.5
CE2,0,120.5
TE20,0,120.5
CC26,0,118.0
TE12,5,116.75
CC28,0,116.0
CC6,5,115.5
CC27,5,115.25
TE18,0,110.5
SW1,0,110.25
CC2,5,107.0
TE15,0,105.5
CC5,0,98.5
CC3,5,84.5
TE13,0,66.5
TE13,5,57.0
DT20,5,53.75
TE19,0,48.5
TE18,5,46.5
TE15,5,41.0
DT23,5,40.75
DT17,5,40.5
DT21,5,39.75
NS28,5,30.0
CC27,0,30.0
DT18,5,29.0
PW1,5,27.0
TE12,0,26.0
PW1,0,22.0
TE22,0,19.0
NS28,0,14.0
TE22,5,12.0
TE19,5,4.5
BP13,0,2.0
BP5,0,1.0
